basin_id,basin_name,year,precip_mm_year,valid_terraclimate_area_km2
basin_001,Salar de Antofalla,1995,41.627945505579554,
basin_002,Salar de Arizaro,1995,55.13820424443431,
basin_003,Laguna Blanca,1995,84.79684599178124,
basin_004,Salar Carachi Pampa,1995,58.18623453563335,
basin_005,Salar de Cauchari,1995,86.49031373743523,
basin_006,Salar del Fraile,1995,32.73024329603979,
basin_007,Laguna de Guayatayoc,1995,136.11919458571117,
basin_008,Salar del Hombre Muerto,1995,78.58032978827208,
basin_009,Salar de Incahuasi en Catamarca,1995,42.016678849092955,
basin_010,Salar de Incahuasi en Salta,1995,47.10559080569854,
basin_011,Salar de Jama,1995,74.73188174446075,
basin_012,Salar de Llullaillaco,1995,29.40642985611511,
basin_013,Salar de Olaroz,1995,90.13821380647087,
basin_014,Salar de Pastos Grandes,1995,97.01437564176967,
basin_015,Laguna Palar,1995,90.60691887517703,
basin_016,Salar de Pocitos o Quirón,1995,71.72845102990844,
basin_017,Laguna de Pozuelos,1995,155.76231723798986,
basin_018,Salar de Pozuelos,1995,78.14432815665093,
basin_019,Salar de Rincón,1995,67.76594525350592,
basin_020,Salar de Río Grande,1995,33.11326928070631,
basin_021,Salinas Grandes de Jujuy y Salta,1995,117.56322409268381,
basin_022,Laguna Socompa,1995,33.299343998158584,
basin_023,Laguna de las Salinas o Tres Quebradas,1995,52.64949224347391,
basin_024,Laguna Verde,1995,57.37783811619304,
basin_025,Laguna de Vilama,1995,87.28688078388677,
basin_026,Río Zapaleri,1995,81.24168550209883,
basin_027,Cuencas endorreicas en Catamarca (A),1995,59.8704100585798,
basin_028,Cuencas endorreicas en Catamarca (B),1995,77.27723124860889,
basin_029,Cuencas endorreicas en Catamarca (C),1995,108.32360742705572,
basin_030,Cuencas endorreicas en Catamarca (D),1995,85.74084136000663,
basin_031,Cuencas endorreicas en Catamarca (E),1995,47.76435105774728,
basin_032,Cuencas endorreicas en Catamarca (F),1995,46.333333333333336,
basin_033,Cuencas endorreicas en Catamarca (G),1995,62.065129078757714,
basin_034,Cuencas endorreicas en Catamarca (H),1995,32.68705512738698,
basin_035,Cuencas endorreicas en Jujuy (A),1995,77.99430199430199,
basin_036,Cuencas endorreicas en Jujuy (B),1995,141.84218199489735,
basin_037,Cuencas endorreicas en Jujuy (C),1995,74.75044563279859,
basin_038,Cuencas endorreicas en Jujuy (D),1995,81.26986399427342,
basin_039,Cuencas endorreicas en Jujuy (E),1995,88.89038262668045,
basin_040,Cuencas endorreicas en Jujuy (F),1995,99.7798876705001,
basin_041,Cuencas endorreicas en Salta (A),1995,80.52203238746098,
basin_042,Cuencas endorreicas en Salta (B),1995,59.790431144260516,
basin_043,Cuencas endorreicas en Salta (C),1995,34.994850669412976,
basin_044,Cuencas endorreicas en Salta (D),1995,82.48754152823919,
basin_045,Cuencas endorreicas en Salta (E),1995,119.02777777777776,
basin_046,Cuencas endorreicas en Salta (F),1995,36.557234699841366,
basin_047,Cuencas endorreicas en Salta (G),1995,120.29089219330855,
basin_048,Cuencas endorreicas en Salta (H),1995,63.4165202108963,
basin_049,Cuencas endorreicas en Salta y Catamarca (A),1995,47.504220536382086,
basin_050,Cuencas endorreicas en Salta y Catamarca (B),1995,59.71610453428637,
basin_051,Cuencas endorreicas en Salta y Catamarca (C),1995,90.83167870036102,
basin_001,Salar de Antofalla,1996,55.7131649209283,
basin_002,Salar de Arizaro,1996,53.79579892046562,
basin_003,Laguna Blanca,1996,128.47289263438955,
basin_004,Salar Carachi Pampa,1996,85.87180112679327,
basin_005,Salar de Cauchari,1996,97.19387755102036,
basin_006,Salar del Fraile,1996,43.56180074587107,
basin_007,Laguna de Guayatayoc,1996,163.57264127748252,
basin_008,Salar del Hombre Muerto,1996,107.06388915991805,
basin_009,Salar de Incahuasi en Catamarca,1996,63.90969499634529,
basin_010,Salar de Incahuasi en Salta,1996,49.64264336166645,
basin_011,Salar de Jama,1996,78.7182810803908,
basin_012,Salar de Llullaillaco,1996,28.827517985611507,
basin_013,Salar de Olaroz,1996,99.05698026937033,
basin_014,Salar de Pastos Grandes,1996,115.08370909415596,
basin_015,Laguna Palar,1996,102.73720412704837,
basin_016,Salar de Pocitos o Quirón,1996,84.06654090729303,
basin_017,Laguna de Pozuelos,1996,183.7005774665192,
basin_018,Salar de Pozuelos,1996,94.17133693450373,
basin_019,Salar de Rincón,1996,74.36016720604098,
basin_020,Salar de Río Grande,1996,34.99252142300701,
basin_021,Salinas Grandes de Jujuy y Salta,1996,139.85073289381037,
basin_022,Laguna Socompa,1996,31.317067556680854,
basin_023,Laguna de las Salinas o Tres Quebradas,1996,53.56339168899131,
basin_024,Laguna Verde,1996,49.154393520902566,
basin_025,Laguna de Vilama,1996,97.87479586281978,
basin_026,Río Zapaleri,1996,87.41879237972235,
basin_027,Cuencas endorreicas en Catamarca (A),1996,67.05657951135878,
basin_028,Cuencas endorreicas en Catamarca (B),1996,115.96260850211436,
basin_029,Cuencas endorreicas en Catamarca (C),1996,164.82758620689657,
basin_030,Cuencas endorreicas en Catamarca (D),1996,126.57405120605911,
basin_031,Cuencas endorreicas en Catamarca (E),1996,63.19406803887936,
basin_032,Cuencas endorreicas en Catamarca (F),1996,59.76190476190477,
basin_033,Cuencas endorreicas en Catamarca (G),1996,82.43519853230245,
basin_034,Cuencas endorreicas en Catamarca (H),1996,38.09449707918119,
basin_035,Cuencas endorreicas en Jujuy (A),1996,86.26780626780626,
basin_036,Cuencas endorreicas en Jujuy (B),1996,171.89648888348924,
basin_037,Cuencas endorreicas en Jujuy (C),1996,80.23796791443851,
basin_038,Cuencas endorreicas en Jujuy (D),1996,86.43712717728468,
basin_039,Cuencas endorreicas en Jujuy (E),1996,99.65977249224406,
basin_040,Cuencas endorreicas en Jujuy (F),1996,113.98956940358383,
basin_041,Cuencas endorreicas en Salta (A),1996,99.30910711632745,
basin_042,Cuencas endorreicas en Salta (B),1996,70.22175732217573,
basin_043,Cuencas endorreicas en Salta (C),1996,28.694644696189492,
basin_044,Cuencas endorreicas en Salta (D),1996,98.41029900332225,
basin_045,Cuencas endorreicas en Salta (E),1996,135.0138888888889,
basin_046,Cuencas endorreicas en Salta (F),1996,37.68322618351843,
basin_047,Cuencas endorreicas en Salta (G),1996,141.45074349442382,
basin_048,Cuencas endorreicas en Salta (H),1996,66.76625659050967,
basin_049,Cuencas endorreicas en Salta y Catamarca (A),1996,55.75467464472698,
basin_050,Cuencas endorreicas en Salta y Catamarca (B),1996,74.23006477551932,
basin_051,Cuencas endorreicas en Salta y Catamarca (C),1996,117.36236462093862,
basin_001,Salar de Antofalla,1997,74.72402272882864,
basin_002,Salar de Arizaro,1997,65.90779519195333,
basin_003,Laguna Blanca,1997,147.3859696697887,
basin_004,Salar Carachi Pampa,1997,103.94109310565136,
basin_005,Salar de Cauchari,1997,101.99570514773077,
basin_006,Salar del Fraile,1997,71.10260166933053,
basin_007,Laguna de Guayatayoc,1997,172.44576652820393,
basin_008,Salar del Hombre Muerto,1997,118.12570982534885,
basin_009,Salar de Incahuasi en Catamarca,1997,93.437105455512,
basin_010,Salar de Incahuasi en Salta,1997,54.77624805459115,
basin_011,Salar de Jama,1997,81.50539556860993,
basin_012,Salar de Llullaillaco,1997,40.64361510791367,
basin_013,Salar de Olaroz,1997,101.51980517866906,
basin_014,Salar de Pastos Grandes,1997,116.0696013214875,
basin_015,Laguna Palar,1997,102.05361116730734,
basin_016,Salar de Pocitos o Quirón,1997,88.75641220677275,
basin_017,Laguna de Pozuelos,1997,183.37527132735397,
basin_018,Salar de Pozuelos,1997,96.79878460499661,
basin_019,Salar de Rincón,1997,80.21844660194176,
basin_020,Salar de Río Grande,1997,51.073435471306155,
basin_021,Salinas Grandes de Jujuy y Salta,1997,141.46154707802597,
basin_022,Laguna Socompa,1997,40.948095292899076,
basin_023,Laguna de las Salinas o Tres Quebradas,1997,124.70475359790663,
basin_024,Laguna Verde,1997,132.13814896306351,
basin_025,Laguna de Vilama,1997,98.68807838867716,
basin_026,Río Zapaleri,1997,87.75928317726833,
basin_027,Cuencas endorreicas en Catamarca (A),1997,135.37219602800403,
basin_028,Cuencas endorreicas en Catamarca (B),1997,135.82710883596698,
basin_029,Cuencas endorreicas en Catamarca (C),1997,185.03183023872685,
basin_030,Cuencas endorreicas en Catamarca (D),1997,142.55808018440774,
basin_031,Cuencas endorreicas en Catamarca (E),1997,107.68389079473982,
basin_032,Cuencas endorreicas en Catamarca (F),1997,83.76190476190477,
basin_033,Cuencas endorreicas en Catamarca (G),1997,92.34477787970125,
basin_034,Cuencas endorreicas en Catamarca (H),1997,61.60964115654607,
basin_035,Cuencas endorreicas en Jujuy (A),1997,92.80911680911682,
basin_036,Cuencas endorreicas en Jujuy (B),1997,172.6889806827846,
basin_037,Cuencas endorreicas en Jujuy (C),1997,83.67290552584673,
basin_038,Cuencas endorreicas en Jujuy (D),1997,86.96444762586495,
basin_039,Cuencas endorreicas en Jujuy (E),1997,98.9100310237849,
basin_040,Cuencas endorreicas en Jujuy (F),1997,114.09949184273867,
basin_041,Cuencas endorreicas en Salta (A),1997,103.46667657108898,
basin_042,Cuencas endorreicas en Salta (B),1997,77.04275059123161,
basin_043,Cuencas endorreicas en Salta (C),1997,40.35530381050463,
basin_044,Cuencas endorreicas en Salta (D),1997,101.14285714285715,
basin_045,Cuencas endorreicas en Salta (E),1997,135.43750000000003,
basin_046,Cuencas endorreicas en Salta (F),1997,44.794522835434584,
basin_047,Cuencas endorreicas en Salta (G),1997,139.35223048327143,
basin_048,Cuencas endorreicas en Salta (H),1997,74.90949033391915,
basin_049,Cuencas endorreicas en Salta y Catamarca (A),1997,79.94059194358371,
basin_050,Cuencas endorreicas en Salta y Catamarca (B),1997,82.47732856823767,
basin_051,Cuencas endorreicas en Salta y Catamarca (C),1997,121.74684115523468,
basin_001,Salar de Antofalla,1998,75.93222427603206,
basin_002,Salar de Arizaro,1998,60.950445470507894,
basin_003,Laguna Blanca,1998,108.2803354262709,
basin_004,Salar Carachi Pampa,1998,87.23822965673463,
basin_005,Salar de Cauchari,1998,84.46987511422475,
basin_006,Salar del Fraile,1998,84.53036760788495,
basin_007,Laguna de Guayatayoc,1998,130.4950308629995,
basin_008,Salar del Hombre Muerto,1998,91.5961752366085,
basin_009,Salar de Incahuasi en Catamarca,1998,97.07867632400821,
basin_010,Salar de Incahuasi en Salta,1998,42.91332455405241,
basin_011,Salar de Jama,1998,68.12438541600154,
basin_012,Salar de Llullaillaco,1998,54.90314748201438,
basin_013,Salar de Olaroz,1998,84.94080811092891,
basin_014,Salar de Pastos Grandes,1998,101.03834992633598,
basin_015,Laguna Palar,1998,82.05381347359904,
basin_016,Salar de Pocitos o Quirón,1998,73.77798399610553,
basin_017,Laguna de Pozuelos,1998,131.7479624851538,
basin_018,Salar de Pozuelos,1998,78.86900742741392,
basin_019,Salar de Rincón,1998,65.27757551240562,
basin_020,Salar de Río Grande,1998,64.40867307192936,
basin_021,Salinas Grandes de Jujuy y Salta,1998,124.30171861998329,
basin_022,Laguna Socompa,1998,48.2751755092646,
basin_023,Laguna de las Salinas o Tres Quebradas,1998,124.60021182480838,
basin_024,Laguna Verde,1998,136.59416693974993,
basin_025,Laguna de Vilama,1998,78.29940119760477,
basin_026,Río Zapaleri,1998,73.41298030351955,
basin_027,Cuencas endorreicas en Catamarca (A),1998,141.18045435062157,
basin_028,Cuencas endorreicas en Catamarca (B),1998,105.58557756510122,
basin_029,Cuencas endorreicas en Catamarca (C),1998,137.25729442970822,
basin_030,Cuencas endorreicas en Catamarca (D),1998,107.24392854202685,
basin_031,Cuencas endorreicas en Catamarca (E),1998,120.31606632361348,
basin_032,Cuencas endorreicas en Catamarca (F),1998,93.03401360544217,
basin_033,Cuencas endorreicas en Catamarca (G),1998,75.42091469007994,
basin_034,Cuencas endorreicas en Catamarca (H),1998,78.48677040891464,
basin_035,Cuencas endorreicas en Jujuy (A),1998,75.65527065527066,
basin_036,Cuencas endorreicas en Jujuy (B),1998,156.43178228647793,
basin_037,Cuencas endorreicas en Jujuy (C),1998,68.18270944741535,
basin_038,Cuencas endorreicas en Jujuy (D),1998,73.46575996182298,
basin_039,Cuencas endorreicas en Jujuy (E),1998,81.14581178903825,
basin_040,Cuencas endorreicas en Jujuy (F),1998,89.53182669162877,
basin_041,Cuencas endorreicas en Salta (A),1998,82.45443470509582,
basin_042,Cuencas endorreicas en Salta (B),1998,59.09095870474805,
basin_043,Cuencas endorreicas en Salta (C),1998,56.1725025746653,
basin_044,Cuencas endorreicas en Salta (D),1998,84.54318936877075,
basin_045,Cuencas endorreicas en Salta (E),1998,119.93055555555554,
basin_046,Cuencas endorreicas en Salta (F),1998,40.784336645236706,
basin_047,Cuencas endorreicas en Salta (G),1998,127.9200743494424,
basin_048,Cuencas endorreicas en Salta (H),1998,60.85940246045695,
basin_049,Cuencas endorreicas en Salta y Catamarca (A),1998,91.07265733518538,
basin_050,Cuencas endorreicas en Salta y Catamarca (B),1998,63.77529595711414,
basin_051,Cuencas endorreicas en Salta y Catamarca (C),1998,96.653880866426,
basin_001,Salar de Antofalla,1999,62.80060245087973,
basin_002,Salar de Arizaro,1999,70.88233508920247,
basin_003,Laguna Blanca,1999,139.33989027722734,
basin_004,Salar Carachi Pampa,1999,95.53615612476035,
basin_005,Salar de Cauchari,1999,110.81507767286016,
basin_006,Salar del Fraile,1999,53.28116675546084,
basin_007,Laguna de Guayatayoc,1999,178.2227182732252,
basin_008,Salar del Hombre Muerto,1999,121.19428236901162,
basin_009,Salar de Incahuasi en Catamarca,1999,71.07674928566684,
basin_010,Salar de Incahuasi en Salta,1999,58.60660840416615,
basin_011,Salar de Jama,1999,94.65046931868972,
basin_012,Salar de Llullaillaco,1999,35.78448741007194,
basin_013,Salar de Olaroz,1999,117.16614482381598,
basin_014,Salar de Pastos Grandes,1999,124.96548953078256,
basin_015,Laguna Palar,1999,124.74468945984223,
basin_016,Salar de Pocitos o Quirón,1999,94.34417500836703,
basin_017,Laguna de Pozuelos,1999,212.52160380063066,
basin_018,Salar de Pozuelos,1999,100.48160027008777,
basin_019,Salar de Rincón,1999,87.49029126213594,
basin_020,Salar de Río Grande,1999,44.37574655933523,
basin_021,Salinas Grandes de Jujuy y Salta,1999,151.2897170837867,
basin_022,Laguna Socompa,1999,39.444239843480254,
basin_023,Laguna de las Salinas o Tres Quebradas,1999,84.77428197620085,
basin_024,Laguna Verde,1999,92.33064931417066,
basin_025,Laguna de Vilama,1999,121.43549265106147,
basin_026,Río Zapaleri,1999,109.72554084597998,
basin_027,Cuencas endorreicas en Catamarca (A),1999,107.10601514502076,
basin_028,Cuencas endorreicas en Catamarca (B),1999,127.30389494769636,
basin_029,Cuencas endorreicas en Catamarca (C),1999,177.7586206896552,
basin_030,Cuencas endorreicas en Catamarca (D),1999,140.82226064048746,
basin_031,Cuencas endorreicas en Catamarca (E),1999,77.31082046883932,
basin_032,Cuencas endorreicas en Catamarca (F),1999,68.85034013605443,
basin_033,Cuencas endorreicas en Catamarca (G),1999,93.63897261171542,
basin_034,Cuencas endorreicas en Catamarca (H),1999,48.42027882774535,
basin_035,Cuencas endorreicas en Jujuy (A),1999,99.26780626780628,
basin_036,Cuencas endorreicas en Jujuy (B),1999,182.69967197181387,
basin_037,Cuencas endorreicas en Jujuy (C),1999,96.3270944741533,
basin_038,Cuencas endorreicas en Jujuy (D),1999,105.10880458124554,
basin_039,Cuencas endorreicas en Jujuy (E),1999,120.46535677352635,
basin_040,Cuencas endorreicas en Jujuy (F),1999,138.69644289917088,
basin_041,Cuencas endorreicas en Salta (A),1999,107.95991680285246,
basin_042,Cuencas endorreicas en Salta (B),1999,78.31662725122796,
basin_043,Cuencas endorreicas en Salta (C),1999,38.16735324407827,
basin_044,Cuencas endorreicas en Salta (D),1999,107.81976744186046,
basin_045,Cuencas endorreicas en Salta (E),1999,152.09722222222223,
basin_046,Cuencas endorreicas en Salta (F),1999,44.87033480838272,
basin_047,Cuencas endorreicas en Salta (G),1999,153.7351301115242,
basin_048,Cuencas endorreicas en Salta (H),1999,81.56063268892794,
basin_049,Cuencas endorreicas en Salta y Catamarca (A),1999,67.30505395875626,
basin_050,Cuencas endorreicas en Salta y Catamarca (B),1999,83.92316283225375,
basin_051,Cuencas endorreicas en Salta y Catamarca (C),1999,128.05911552346575,
basin_001,Salar de Antofalla,2000,65.27640172520024,
basin_002,Salar de Arizaro,2000,64.91284602544924,
basin_003,Laguna Blanca,2000,153.83326727716477,
basin_004,Salar Carachi Pampa,2000,103.03002846024269,
basin_005,Salar de Cauchari,2000,110.1288151081328,
basin_006,Salar del Fraile,2000,51.84110282365476,
basin_007,Laguna de Guayatayoc,2000,199.86894548183827,
basin_008,Salar del Hombre Muerto,2000,127.86466972387551,
basin_009,Salar de Incahuasi en Catamarca,2000,75.6370522958336,
basin_010,Salar de Incahuasi en Salta,2000,60.3020471686819,
basin_011,Salar de Jama,2000,93.80799438094627,
basin_012,Salar de Llullaillaco,2000,36.29991007194245,
basin_013,Salar de Olaroz,2000,117.53613140499981,
basin_014,Salar de Pastos Grandes,2000,126.29956694495283,
basin_015,Laguna Palar,2000,123.86668015375284,
basin_016,Salar de Pocitos o Quirón,2000,93.48964006450238,
basin_017,Laguna de Pozuelos,2000,247.20205184912146,
basin_018,Salar de Pozuelos,2000,100.96134368669819,
basin_019,Salar de Rincón,2000,86.40459816612733,
basin_020,Salar de Río Grande,2000,43.172942092962856,
basin_021,Salinas Grandes de Jujuy y Salta,2000,154.26539397042808,
basin_022,Laguna Socompa,2000,40.16008746691218,
basin_023,Laguna de las Salinas o Tres Quebradas,2000,81.12877702323841,
basin_024,Laguna Verde,2000,101.59309021113238,
basin_025,Laguna de Vilama,2000,119.38976592270002,
basin_026,Río Zapaleri,2000,106.53503390377787,
basin_027,Cuencas endorreicas en Catamarca (A),2000,111.87883983426205,
basin_028,Cuencas endorreicas en Catamarca (B),2000,143.96274204317825,
basin_029,Cuencas endorreicas en Catamarca (C),2000,191.9257294429709,
basin_030,Cuencas endorreicas en Catamarca (D),2000,150.27504733679103,
basin_031,Cuencas endorreicas en Catamarca (E),2000,76.18506289308174,
basin_032,Cuencas endorreicas en Catamarca (F),2000,73.25170068027211,
basin_033,Cuencas endorreicas en Catamarca (G),2000,100.2709998689556,
basin_034,Cuencas endorreicas en Catamarca (H),2000,46.70700996514654,
basin_035,Cuencas endorreicas en Jujuy (A),2000,99.0826210826211,
basin_036,Cuencas endorreicas en Jujuy (B),2000,188.96731867330817,
basin_037,Cuencas endorreicas en Jujuy (C),2000,93.27985739750446,
basin_038,Cuencas endorreicas en Jujuy (D),2000,103.86542591267003,
basin_039,Cuencas endorreicas en Jujuy (E),2000,117.85108583247154,
basin_040,Cuencas endorreicas en Jujuy (F),2000,140.36975127039312,
basin_041,Cuencas endorreicas en Salta (A),2000,108.79952458772838,
basin_042,Cuencas endorreicas en Salta (B),2000,76.7967982535929,
basin_043,Cuencas endorreicas en Salta (C),2000,37.04273944387231,
basin_044,Cuencas endorreicas en Salta (D),2000,108.72508305647841,
basin_045,Cuencas endorreicas en Salta (E),2000,153.62500000000003,
basin_046,Cuencas endorreicas en Salta (F),2000,47.3070885864574,
basin_047,Cuencas endorreicas en Salta (G),2000,156.775092936803,
basin_048,Cuencas endorreicas en Salta (H),2000,80.47539543057997,
basin_049,Cuencas endorreicas en Salta y Catamarca (A),2000,67.85489902767388,
basin_050,Cuencas endorreicas en Salta y Catamarca (B),2000,86.97855706946618,
basin_051,Cuencas endorreicas en Salta y Catamarca (C),2000,131.3026474127557,
basin_001,Salar de Antofalla,2001,69.99826110768807,
basin_002,Salar de Arizaro,2001,66.00648154169647,
basin_003,Laguna Blanca,2001,143.62164417280295,
basin_004,Salar Carachi Pampa,2001,99.1939826915258,
basin_005,Salar de Cauchari,2001,120.66719463904957,
basin_006,Salar del Fraile,2001,58.601314153791506,
basin_007,Laguna de Guayatayoc,2001,183.13223210010767,
basin_008,Salar del Hombre Muerto,2001,128.1981266465021,
basin_009,Salar de Incahuasi en Catamarca,2001,75.69160741577512,
basin_010,Salar de Incahuasi en Salta,2001,63.85478271279778,
basin_011,Salar de Jama,2001,101.60487836025793,
basin_012,Salar de Llullaillaco,2001,38.07738309352518,
basin_013,Salar de Olaroz,2001,122.04577307290893,
basin_014,Salar de Pastos Grandes,2001,140.96839144604664,
basin_015,Laguna Palar,2001,121.30386405017204,
basin_016,Salar de Pocitos o Quirón,2001,101.98530440867742,
basin_017,Laguna de Pozuelos,2001,208.1832739484786,
basin_018,Salar de Pozuelos,2001,113.46168129642135,
basin_019,Salar de Rincón,2001,94.27956445523192,
basin_020,Salar de Río Grande,2001,44.76458062840821,
basin_021,Salinas Grandes de Jujuy y Salta,2001,165.44524099084683,
basin_022,Laguna Socompa,2001,42.19242720681321,
basin_023,Laguna de las Salinas o Tres Quebradas,2001,90.97620085975949,
basin_024,Laguna Verde,2001,103.34520855765176,
basin_025,Laguna de Vilama,2001,120.71076029758665,
basin_026,Río Zapaleri,2001,111.18614788505006,
basin_027,Cuencas endorreicas en Catamarca (A),2001,117.72796113730534,
basin_028,Cuencas endorreicas en Catamarca (B),2001,128.117293567772,
basin_029,Cuencas endorreicas en Catamarca (C),2001,184.98938992042443,
basin_030,Cuencas endorreicas en Catamarca (D),2001,145.8674569852639,
basin_031,Cuencas endorreicas en Catamarca (E),2001,86.01753859348194,
basin_032,Cuencas endorreicas en Catamarca (F),2001,78.48979591836735,
basin_033,Cuencas endorreicas en Catamarca (G),2001,100.50491416590228,
basin_034,Cuencas endorreicas en Catamarca (H),2001,51.00807520494823,
basin_035,Cuencas endorreicas en Jujuy (A),2001,107.96866096866096,
basin_036,Cuencas endorreicas en Jujuy (B),2001,199.07896974851172,
basin_037,Cuencas endorreicas en Jujuy (C),2001,102.77272727272728,
basin_038,Cuencas endorreicas en Jujuy (D),2001,110.05297065139584,
basin_039,Cuencas endorreicas en Jujuy (E),2001,119.36918304033091,
basin_040,Cuencas endorreicas en Jujuy (F),2001,132.58384594811446,
basin_041,Cuencas endorreicas en Salta (A),2001,120.88982320606151,
basin_042,Cuencas endorreicas en Salta (B),2001,83.15008186283428,
basin_043,Cuencas endorreicas en Salta (C),2001,39.86096807415036,
basin_044,Cuencas endorreicas en Salta (D),2001,119.85963455149503,
basin_045,Cuencas endorreicas en Salta (E),2001,164.8402777777778,
basin_046,Cuencas endorreicas en Salta (F),2001,49.14536194372548,
basin_047,Cuencas endorreicas en Salta (G),2001,171.5771375464684,
basin_048,Cuencas endorreicas en Salta (H),2001,86.14059753954305,
basin_049,Cuencas endorreicas en Salta y Catamarca (A),2001,72.71610214766535,
basin_050,Cuencas endorreicas en Salta y Catamarca (B),2001,92.15166406075497,
basin_051,Cuencas endorreicas en Salta y Catamarca (C),2001,141.47638387484957,
basin_001,Salar de Antofalla,2002,60.12350243034164,
basin_002,Salar de Arizaro,2002,62.15034358674207,
basin_003,Laguna Blanca,2002,143.41947057719187,
basin_004,Salar Carachi Pampa,2002,95.27601788929543,
basin_005,Salar de Cauchari,2002,101.8726165092903,
basin_006,Salar del Fraile,2002,53.10841768779969,
basin_007,Laguna de Guayatayoc,2002,180.15195983280933,
basin_008,Salar del Hombre Muerto,2002,115.3529319933652,
basin_009,Salar de Incahuasi en Catamarca,2002,70.85892750348862,
basin_010,Salar de Incahuasi en Salta,2002,53.861486890937364,
basin_011,Salar de Jama,2002,87.03071323670264,
basin_012,Salar de Llullaillaco,2002,36.88862410071942,
basin_013,Salar de Olaroz,2002,107.10332488444911,
basin_014,Salar de Pastos Grandes,2002,118.96687352113932,
basin_015,Laguna Palar,2002,107.8956099534696,
basin_016,Salar de Pocitos o Quirón,2002,85.71987099522318,
basin_017,Laguna de Pozuelos,2002,209.14412089937338,
basin_018,Salar de Pozuelos,2002,95.37592842673868,
basin_019,Salar de Rincón,2002,79.76779935275077,
basin_020,Salar de Río Grande,2002,41.70101272396779,
basin_021,Salinas Grandes de Jujuy y Salta,2002,147.8513249695961,
basin_022,Laguna Socompa,2002,39.96294165036253,
basin_023,Laguna de las Salinas o Tres Quebradas,2002,115.62868357111705,
basin_024,Laguna Verde,2002,136.18828706521225,
basin_025,Laguna de Vilama,2002,105.45200508074757,
basin_026,Río Zapaleri,2002,93.92831772683245,
basin_027,Cuencas endorreicas en Catamarca (A),2002,134.31718816973859,
basin_028,Cuencas endorreicas en Catamarca (B),2002,133.8697529490318,
basin_029,Cuencas endorreicas en Catamarca (C),2002,178.84615384615384,
basin_030,Cuencas endorreicas en Catamarca (D),2002,138.27735243269947,
basin_031,Cuencas endorreicas en Catamarca (E),2002,85.28845054316749,
basin_032,Cuencas endorreicas en Catamarca (F),2002,62.81632653061225,
basin_033,Cuencas endorreicas en Catamarca (G),2002,87.2953741318307,
basin_034,Cuencas endorreicas en Catamarca (H),2002,48.21142801040696,
basin_035,Cuencas endorreicas en Jujuy (A),2002,91.26780626780628,
basin_036,Cuencas endorreicas en Jujuy (B),2002,183.69748511723972,
basin_037,Cuencas endorreicas en Jujuy (C),2002,86.54545454545456,
basin_038,Cuencas endorreicas en Jujuy (D),2002,94.56907659269865,
basin_039,Cuencas endorreicas en Jujuy (E),2002,104.21096173733194,
basin_040,Cuencas endorreicas en Jujuy (F),2002,123.3815191227601,
basin_041,Cuencas endorreicas en Salta (A),2002,102.1578665874313,
basin_042,Cuencas endorreicas en Salta (B),2002,69.03274513370931,
basin_043,Cuencas endorreicas en Salta (C),2002,43.336251287332644,
basin_044,Cuencas endorreicas en Salta (D),2002,99.96013289036544,
basin_045,Cuencas endorreicas en Salta (E),2002,140.36111111111114,
basin_046,Cuencas endorreicas en Salta (F),2002,42.25156550054271,
basin_047,Cuencas endorreicas en Salta (G),2002,148.91821561338293,
basin_048,Cuencas endorreicas en Salta (H),2002,72.71792618629173,
basin_049,Cuencas endorreicas en Salta y Catamarca (A),2002,59.67635431135805,
basin_050,Cuencas endorreicas en Salta y Catamarca (B),2002,78.49274067455889,
basin_051,Cuencas endorreicas en Salta y Catamarca (C),2002,122.46510228640193,
basin_001,Salar de Antofalla,2003,37.95120147874307,
basin_002,Salar de Arizaro,2003,44.79837853070603,
basin_003,Laguna Blanca,2003,85.37205615469661,
basin_004,Salar Carachi Pampa,2003,54.36927455421963,
basin_005,Salar de Cauchari,2003,111.38927809929939,
basin_006,Salar del Fraile,2003,25.754617297105316,
basin_007,Laguna de Guayatayoc,2003,190.90737218059718,
basin_008,Salar del Hombre Muerto,2003,85.52461703580838,
basin_009,Salar de Incahuasi en Catamarca,2003,36.68316831683169,
basin_010,Salar de Incahuasi en Salta,2003,51.288399377469155,
basin_011,Salar de Jama,2003,96.21658897899239,
basin_012,Salar de Llullaillaco,2003,22.624280575539565,
basin_013,Salar de Olaroz,2003,118.36360021867708,
basin_014,Salar de Pastos Grandes,2003,119.42649225411846,
basin_015,Laguna Palar,2003,118.69047137365973,
basin_016,Salar de Pocitos o Quirón,2003,83.09696656220524,
basin_017,Laguna de Pozuelos,2003,212.68837285497813,
basin_018,Salar de Pozuelos,2003,92.36174881836594,
basin_019,Salar de Rincón,2003,85.52379989212511,
basin_020,Salar de Río Grande,2003,25.489379381978704,
basin_021,Salinas Grandes de Jujuy y Salta,2003,161.9394322473277,
basin_022,Laguna Socompa,2003,26.919093106226256,
basin_023,Laguna de las Salinas o Tres Quebradas,2003,31.286088094199734,
basin_024,Laguna Verde,2003,37.55301718084358,
basin_025,Laguna de Vilama,2003,113.50408274360369,
basin_026,Río Zapaleri,2003,103.22328059412337,
basin_027,Cuencas endorreicas en Catamarca (A),2003,44.55707958279756,
basin_028,Cuencas endorreicas en Catamarca (B),2003,65.64535944803026,
basin_029,Cuencas endorreicas en Catamarca (C),2003,116.6710875331565,
basin_030,Cuencas endorreicas en Catamarca (D),2003,87.59323289701162,
basin_031,Cuencas endorreicas en Catamarca (E),2003,35.7860205831904,
basin_032,Cuencas endorreicas en Catamarca (F),2003,40.03401360544218,
basin_033,Cuencas endorreicas en Catamarca (G),2003,61.33350805923211,
basin_034,Cuencas endorreicas en Catamarca (H),2003,24.624858867998622,
basin_035,Cuencas endorreicas en Jujuy (A),2003,98.8860398860399,
basin_036,Cuencas endorreicas en Jujuy (B),2003,206.79552909731498,
basin_037,Cuencas endorreicas en Jujuy (C),2003,97.7860962566845,
basin_038,Cuencas endorreicas en Jujuy (D),2003,105.42901455499883,
basin_039,Cuencas endorreicas en Jujuy (E),2003,115.12719751809718,
basin_040,Cuencas endorreicas en Jujuy (F),2003,132.32281358652045,
basin_041,Cuencas endorreicas en Salta (A),2003,91.63601247957213,
basin_042,Cuencas endorreicas en Salta (B),2003,60.67937056576316,
basin_043,Cuencas endorreicas en Salta (C),2003,24.608650875386207,
basin_044,Cuencas endorreicas en Salta (D),2003,101.18023255813955,
basin_045,Cuencas endorreicas en Salta (E),2003,150.4027777777778,
basin_046,Cuencas endorreicas en Salta (F),2003,34.00551056191033,
basin_047,Cuencas endorreicas en Salta (G),2003,161.3187732342008,
basin_048,Cuencas endorreicas en Salta (H),2003,73.02460456942003,
basin_049,Cuencas endorreicas en Salta y Catamarca (A),2003,37.24115824340207,
basin_050,Cuencas endorreicas en Salta y Catamarca (B),2003,58.51552378825107,
basin_051,Cuencas endorreicas en Salta y Catamarca (C),2003,107.2931708784597,
basin_001,Salar de Antofalla,2004,45.394180872184556,
basin_002,Salar de Arizaro,2004,46.073139537404344,
basin_003,Laguna Blanca,2004,95.89424059742593,
basin_004,Salar Carachi Pampa,2004,65.29495266306557,
basin_005,Salar de Cauchari,2004,98.24090770636607,
basin_006,Salar del Fraile,2004,40.32050257503109,
basin_007,Laguna de Guayatayoc,2004,171.73545168678922,
basin_008,Salar del Hombre Muerto,2004,85.36184993657925,
basin_009,Salar de Incahuasi en Catamarca,2004,54.58076948634461,
basin_010,Salar de Incahuasi en Salta,2004,44.308511911887926,
basin_011,Salar de Jama,2004,82.33880339697335,
basin_012,Salar de Llullaillaco,2004,24.871312949640284,
basin_013,Salar de Olaroz,2004,103.80411013369121,
basin_014,Salar de Pastos Grandes,2004,105.90204919862492,
basin_015,Laguna Palar,2004,108.65972081731748,
basin_016,Salar de Pocitos o Quirón,2004,74.45860589649193,
basin_017,Laguna de Pozuelos,2004,200.77937502559683,
basin_018,Salar de Pozuelos,2004,82.82545577312627,
basin_019,Salar de Rincón,2004,73.85066073354909,
basin_020,Salar de Río Grande,2004,28.605764736432093,
basin_021,Salinas Grandes de Jujuy y Salta,2004,138.5311559879665,
basin_022,Laguna Socompa,2004,27.865462078490044,
basin_023,Laguna de las Salinas o Tres Quebradas,2004,91.70668494174818,
basin_024,Laguna Verde,2004,107.05444501661904,
basin_025,Laguna de Vilama,2004,104.77281800036292,
basin_026,Río Zapaleri,2004,92.45931546658059,
basin_027,Cuencas endorreicas en Catamarca (A),2004,107.4827832547507,
basin_028,Cuencas endorreicas en Catamarca (B),2004,84.98001335410633,
basin_029,Cuencas endorreicas en Catamarca (C),2004,127.77188328912469,
basin_030,Cuencas endorreicas en Catamarca (D),2004,97.02988392195604,
basin_031,Cuencas endorreicas en Catamarca (E),2004,64.53030303030303,
basin_032,Cuencas endorreicas en Catamarca (F),2004,45.761904761904766,
basin_033,Cuencas endorreicas en Catamarca (G),2004,62.62979950203119,
basin_034,Cuencas endorreicas en Catamarca (H),2004,35.289406509253354,
basin_035,Cuencas endorreicas en Jujuy (A),2004,87.26780626780626,
basin_036,Cuencas endorreicas en Jujuy (B),2004,171.07896974851172,
basin_037,Cuencas endorreicas en Jujuy (C),2004,84.73351158645276,
basin_038,Cuencas endorreicas en Jujuy (D),2004,90.98711524695776,
basin_039,Cuencas endorreicas en Jujuy (E),2004,103.23784901758012,
basin_040,Cuencas endorreicas en Jujuy (F),2004,121.26517785504144,
basin_041,Cuencas endorreicas en Salta (A),2004,84.75941167731395,
basin_042,Cuencas endorreicas en Salta (B),2004,57.38175368382754,
basin_043,Cuencas endorreicas en Salta (C),2004,27.778578784757983,
basin_044,Cuencas endorreicas en Salta (D),2004,89.54734219269102,
basin_045,Cuencas endorreicas en Salta (E),2004,131.70833333333337,
basin_046,Cuencas endorreicas en Salta (F),2004,31.31502045587377,
basin_047,Cuencas endorreicas en Salta (G),2004,137.7555762081785,
basin_048,Cuencas endorreicas en Salta (H),2004,63.68980667838313,
basin_049,Cuencas endorreicas en Salta y Catamarca (A),2004,42.80094027139653,
basin_050,Cuencas endorreicas en Salta y Catamarca (B),2004,55.83180701362521,
basin_051,Cuencas endorreicas en Salta y Catamarca (C),2004,101.27707581227438,
basin_001,Salar de Antofalla,2005,37.907469021701935,
basin_002,Salar de Arizaro,2005,43.52656564999674,
basin_003,Laguna Blanca,2005,89.41986691420348,
basin_004,Salar Carachi Pampa,2005,58.33298484056452,
basin_005,Salar de Cauchari,2005,87.53926286932679,
basin_006,Salar del Fraile,2005,29.373867874267454,
basin_007,Laguna de Guayatayoc,2005,159.49023642222159,
basin_008,Salar del Hombre Muerto,2005,81.64185774221873,
basin_009,Salar de Incahuasi en Catamarca,2005,42.01794139145458,
basin_010,Salar de Incahuasi en Salta,2005,41.87645157428467,
basin_011,Salar de Jama,2005,73.99144371368364,
basin_012,Salar de Llullaillaco,2005,21.82576438848921,
basin_013,Salar de Olaroz,2005,94.51259877739675,
basin_014,Salar de Pastos Grandes,2005,98.17009687932492,
basin_015,Laguna Palar,2005,95.19502326522355,
basin_016,Salar de Pocitos o Quirón,2005,69.25308059755986,
basin_017,Laguna de Pozuelos,2005,183.5780194127042,
basin_018,Salar de Pozuelos,2005,77.15006752194466,
basin_019,Salar de Rincón,2005,66.24551645091692,
basin_020,Salar de Río Grande,2005,25.496961828096598,
basin_021,Salinas Grandes de Jujuy y Salta,2005,130.56187992062982,
basin_022,Laguna Socompa,2005,25.202209690413163,
basin_023,Laguna de las Salinas o Tres Quebradas,2005,49.780387514796566,
basin_024,Laguna Verde,2005,56.62960535555449,
basin_025,Laguna de Vilama,2005,90.81255670477225,
basin_026,Río Zapaleri,2005,81.09024862770427,
basin_027,Cuencas endorreicas en Catamarca (A),2005,58.586940991570216,
basin_028,Cuencas endorreicas en Catamarca (B),2005,74.55637658580011,
basin_029,Cuencas endorreicas en Catamarca (C),2005,119.34482758620689,
basin_030,Cuencas endorreicas en Catamarca (D),2005,90.00016464970774,
basin_031,Cuencas endorreicas en Catamarca (E),2005,44.31823899371069,
basin_032,Cuencas endorreicas en Catamarca (F),2005,40.24489795918368,
basin_033,Cuencas endorreicas en Catamarca (G),2005,58.398899226837905,
basin_034,Cuencas endorreicas en Catamarca (H),2005,26.41524716508763,
basin_035,Cuencas endorreicas en Jujuy (A),2005,77.0,
basin_036,Cuencas endorreicas en Jujuy (B),2005,163.0314664074839,
basin_037,Cuencas endorreicas en Jujuy (C),2005,77.03565062388593,
basin_038,Cuencas endorreicas en Jujuy (D),2005,81.60248150799333,
basin_039,Cuencas endorreicas en Jujuy (E),2005,91.85108583247155,
basin_040,Cuencas endorreicas en Jujuy (F),2005,106.52179727199785,
basin_041,Cuencas endorreicas en Salta (A),2005,79.5725449413163,
basin_042,Cuencas endorreicas en Salta (B),2005,54.4469710751319,
basin_043,Cuencas endorreicas en Salta (C),2005,23.57621009268795,
basin_044,Cuencas endorreicas en Salta (D),2005,81.85382059800662,
basin_045,Cuencas endorreicas en Salta (E),2005,118.7986111111111,
basin_046,Cuencas endorreicas en Salta (F),2005,30.068965517241377,
basin_047,Cuencas endorreicas en Salta (G),2005,130.8122676579926,
basin_048,Cuencas endorreicas en Salta (H),2005,57.71704745166961,
basin_049,Cuencas endorreicas en Salta y Catamarca (A),2005,38.124585960038466,
basin_050,Cuencas endorreicas en Salta y Catamarca (B),2005,54.37770828679921,
basin_051,Cuencas endorreicas en Salta y Catamarca (C),2005,95.41606498194946,
basin_001,Salar de Antofalla,2006,42.41041966180599,
basin_002,Salar de Arizaro,2006,46.384448635407864,
basin_003,Laguna Blanca,2006,103.37599866497007,
basin_004,Salar Carachi Pampa,2006,64.77422315153622,
basin_005,Salar de Cauchari,2006,97.60231495583305,
basin_006,Salar del Fraile,2006,32.33479843722252,
basin_007,Laguna de Guayatayoc,2006,186.23917853953967,
basin_008,Salar del Hombre Muerto,2006,88.3351546492341,
basin_009,Salar de Incahuasi en Catamarca,2006,47.78543424812279,
basin_010,Salar de Incahuasi en Salta,2006,45.68406560517178,
basin_011,Salar de Jama,2006,88.11078475193153,
basin_012,Salar de Llullaillaco,2006,25.130935251798558,
basin_013,Salar de Olaroz,2006,110.86032006361522,
basin_014,Salar de Pastos Grandes,2006,105.61806330639756,
basin_015,Laguna Palar,2006,116.34513453368406,
basin_016,Salar de Pocitos o Quirón,2006,74.42157787446375,
basin_017,Laguna de Pozuelos,2006,219.21593561862628,
basin_018,Salar de Pozuelos,2006,81.76367319378798,
basin_019,Salar de Rincón,2006,75.19774811218987,
basin_020,Salar de Río Grande,2006,28.992157881069847,
basin_021,Salinas Grandes de Jujuy y Salta,2006,142.94002432311336,
basin_022,Laguna Socompa,2006,27.641730924156978,
basin_023,Laguna de las Salinas o Tres Quebradas,2006,44.48651174381658,
basin_024,Laguna Verde,2006,44.880998080614184,
basin_025,Laguna de Vilama,2006,113.41535111594989,
basin_026,Río Zapaleri,2006,99.98498546980953,
basin_027,Cuencas endorreicas en Catamarca (A),2006,54.290898699814264,
basin_028,Cuencas endorreicas en Catamarca (B),2006,85.46779434676161,
basin_029,Cuencas endorreicas en Catamarca (C),2006,135.18567639257296,
basin_030,Cuencas endorreicas en Catamarca (D),2006,99.67605170000822,
basin_031,Cuencas endorreicas en Catamarca (E),2006,47.10410234419666,
basin_032,Cuencas endorreicas en Catamarca (F),2006,43.972789115646265,
basin_033,Cuencas endorreicas en Catamarca (G),2006,62.308740663084805,
basin_034,Cuencas endorreicas en Catamarca (H),2006,29.445928034951653,
basin_035,Cuencas endorreicas en Jujuy (A),2006,87.15384615384616,
basin_036,Cuencas endorreicas en Jujuy (B),2006,183.50637832584135,
basin_037,Cuencas endorreicas en Jujuy (C),2006,88.25490196078434,
basin_038,Cuencas endorreicas en Jujuy (D),2006,99.21951801479362,
basin_039,Cuencas endorreicas en Jujuy (E),2006,111.6514994829369,
basin_040,Cuencas endorreicas en Jujuy (F),2006,131.02152982080767,
basin_041,Cuencas endorreicas en Salta (A),2006,85.63957807160895,
basin_042,Cuencas endorreicas en Salta (B),2006,57.55521193378206,
basin_043,Cuencas endorreicas en Salta (C),2006,26.288877445932027,
basin_044,Cuencas endorreicas en Salta (D),2006,88.0282392026578,
basin_045,Cuencas endorreicas en Salta (E),2006,128.45138888888894,
basin_046,Cuencas endorreicas en Salta (F),2006,32.462386240293895,
basin_047,Cuencas endorreicas en Salta (G),2006,139.7834572490707,
basin_048,Cuencas endorreicas en Salta (H),2006,65.60281195079085,
basin_049,Cuencas endorreicas en Salta y Catamarca (A),2006,41.40420985147986,
basin_050,Cuencas endorreicas en Salta y Catamarca (B),2006,58.15077060531606,
basin_051,Cuencas endorreicas en Salta y Catamarca (C),2006,103.08047533092656,
basin_001,Salar de Antofalla,2007,52.0258369275005,
basin_002,Salar de Arizaro,2007,57.247154841646584,
basin_003,Laguna Blanca,2007,119.71482509021885,
basin_004,Salar Carachi Pampa,2007,76.76073648138463,
basin_005,Salar de Cauchari,2007,121.55787389582697,
basin_006,Salar del Fraile,2007,37.54941395844433,
basin_007,Laguna de Guayatayoc,2007,205.66735898132717,
basin_008,Salar del Hombre Muerto,2007,109.97359742413894,
basin_009,Salar de Incahuasi en Catamarca,2007,54.950229251113015,
basin_010,Salar de Incahuasi en Salta,2007,58.72991739494791,
basin_011,Salar de Jama,2007,106.55175276163722,
basin_012,Salar de Llullaillaco,2007,30.241501798561156,
basin_013,Salar de Olaroz,2007,130.86533969484628,
basin_014,Salar de Pastos Grandes,2007,134.0106701192017,
basin_015,Laguna Palar,2007,134.6898644547846,
basin_016,Salar de Pocitos o Quirón,2007,95.186478838957,
basin_017,Laguna de Pozuelos,2007,244.54163083097833,
basin_018,Salar de Pozuelos,2007,107.60381498987172,
basin_019,Salar de Rincón,2007,93.31742179072279,
basin_020,Salar de Río Grande,2007,34.78348480914049,
basin_021,Salinas Grandes de Jujuy y Salta,2007,167.8682391346092,
basin_022,Laguna Socompa,2007,35.67061802278742,
basin_023,Laguna de las Salinas o Tres Quebradas,2007,58.294810292193624,
basin_024,Laguna Verde,2007,65.14231543467065,
basin_025,Laguna de Vilama,2007,130.5781164942841,
basin_026,Río Zapaleri,2007,117.98869874071684,
basin_027,Cuencas endorreicas en Catamarca (A),2007,71.82197456779541,
basin_028,Cuencas endorreicas en Catamarca (B),2007,96.98023592254617,
basin_029,Cuencas endorreicas en Catamarca (C),2007,159.0981432360743,
basin_030,Cuencas endorreicas en Catamarca (D),2007,120.0789495348646,
basin_031,Cuencas endorreicas en Catamarca (E),2007,55.6679531160663,
basin_032,Cuencas endorreicas en Catamarca (F),2007,55.54421768707483,
basin_033,Cuencas endorreicas en Catamarca (G),2007,78.70226706853627,
basin_034,Cuencas endorreicas en Catamarca (H),2007,35.08207746306023,
basin_035,Cuencas endorreicas en Jujuy (A),2007,108.96296296296298,
basin_036,Cuencas endorreicas en Jujuy (B),2007,207.150164014093,
basin_037,Cuencas endorreicas en Jujuy (C),2007,107.82085561497327,
basin_038,Cuencas endorreicas en Jujuy (D),2007,117.39990455738487,
basin_039,Cuencas endorreicas en Jujuy (E),2007,130.00620475698037,
basin_040,Cuencas endorreicas en Jujuy (F),2007,148.98649371489702,
basin_041,Cuencas endorreicas en Salta (A),2007,109.62308720843852,
basin_042,Cuencas endorreicas en Salta (B),2007,75.31790067309444,
basin_043,Cuencas endorreicas en Salta (C),2007,32.03347064881565,
basin_044,Cuencas endorreicas en Salta (D),2007,114.50996677740865,
basin_045,Cuencas endorreicas en Salta (E),2007,160.25694444444446,
basin_046,Cuencas endorreicas en Salta (F),2007,42.911163062536524,
basin_047,Cuencas endorreicas en Salta (G),2007,169.02881040892197,
basin_048,Cuencas endorreicas en Salta (H),2007,81.02108963093147,
basin_049,Cuencas endorreicas en Salta y Catamarca (A),2007,52.47430281012929,
basin_050,Cuencas endorreicas en Salta y Catamarca (B),2007,75.268036631673,
basin_051,Cuencas endorreicas en Salta y Catamarca (C),2007,128.74247894103493,
basin_001,Salar de Antofalla,2008,59.37086328472646,
basin_002,Salar de Arizaro,2008,62.93325529470419,
basin_003,Laguna Blanca,2008,146.03224931684014,
basin_004,Salar Carachi Pampa,2008,90.56332694429925,
basin_005,Salar de Cauchari,2008,138.70648796832168,
basin_006,Salar del Fraile,2008,42.35078138874091,
basin_007,Laguna de Guayatayoc,2008,222.22297708244378,
basin_008,Salar del Hombre Muerto,2008,130.43075421992395,
basin_009,Salar de Incahuasi en Catamarca,2008,64.10093693933152,
basin_010,Salar de Incahuasi en Salta,2008,68.32587094457082,
basin_011,Salar de Jama,2008,114.44811953259686,
basin_012,Salar de Llullaillaco,2008,32.49464928057554,
basin_013,Salar de Olaroz,2008,144.434993290592,
basin_014,Salar de Pastos Grandes,2008,158.68145899370504,
basin_015,Laguna Palar,2008,144.1824802751366,
basin_016,Salar de Pocitos o Quirón,2008,109.5307146986339,
basin_017,Laguna de Pozuelos,2008,244.24783961993688,
basin_018,Salar de Pozuelos,2008,125.8377785280216,
basin_019,Salar de Rincón,2008,103.02056364617044,
basin_020,Salar de Río Grande,2008,37.50786808621138,
basin_021,Salinas Grandes de Jujuy y Salta,2008,196.1849196697177,
basin_022,Laguna Socompa,2008,39.50512141788469,
basin_023,Laguna de las Salinas o Tres Quebradas,2008,70.66388387016386,
basin_024,Laguna Verde,2008,83.19044052244746,
basin_025,Laguna de Vilama,2008,135.904554527309,
basin_026,Río Zapaleri,2008,124.65208266063938,
basin_027,Cuencas endorreicas en Catamarca (A),2008,91.08258322617517,
basin_028,Cuencas endorreicas en Catamarca (B),2008,121.47220120186951,
basin_029,Cuencas endorreicas en Catamarca (C),2008,192.77188328912467,
basin_030,Cuencas endorreicas en Catamarca (D),2008,142.2213715320656,
basin_031,Cuencas endorreicas en Catamarca (E),2008,64.50251572327043,
basin_032,Cuencas endorreicas en Catamarca (F),2008,61.76190476190477,
basin_033,Cuencas endorreicas en Catamarca (G),2008,91.10562180579215,
basin_034,Cuencas endorreicas en Catamarca (H),2008,38.31660203230082,
basin_035,Cuencas endorreicas en Jujuy (A),2008,121.69515669515668,
basin_036,Cuencas endorreicas en Jujuy (B),2008,242.8727979589357,
basin_037,Cuencas endorreicas en Jujuy (C),2008,116.51871657754013,
basin_038,Cuencas endorreicas en Jujuy (D),2008,126.24982104509662,
basin_039,Cuencas endorreicas en Jujuy (E),2008,139.91003102378488,
basin_040,Cuencas endorreicas en Jujuy (F),2008,158.72385664616206,
basin_041,Cuencas endorreicas en Salta (A),2008,128.0144406477492,
basin_042,Cuencas endorreicas en Salta (B),2008,84.80916863743862,
basin_043,Cuencas endorreicas en Salta (C),2008,33.41091658084449,
basin_044,Cuencas endorreicas en Salta (D),2008,133.15531561461793,
basin_045,Cuencas endorreicas en Salta (E),2008,187.9652777777778,
basin_046,Cuencas endorreicas en Salta (F),2008,49.1718293395675,
basin_047,Cuencas endorreicas en Salta (G),2008,200.64126394052047,
basin_048,Cuencas endorreicas en Salta (H),2008,90.57820738137083,
basin_049,Cuencas endorreicas en Salta y Catamarca (A),2008,57.86291270434875,
basin_050,Cuencas endorreicas en Salta y Catamarca (B),2008,85.14585660040207,
basin_051,Cuencas endorreicas en Salta y Catamarca (C),2008,152.75902527075814,
basin_001,Salar de Antofalla,2009,38.77614842198948,
basin_002,Salar de Arizaro,2009,52.61255988380915,
basin_003,Laguna Blanca,2009,96.88654331546344,
basin_004,Salar Carachi Pampa,2009,59.35327873613286,
basin_005,Salar de Cauchari,2009,97.4869631434663,
basin_006,Salar del Fraile,2009,29.277481797194113,
basin_007,Laguna de Guayatayoc,2009,182.57517760782648,
basin_008,Salar del Hombre Muerto,2009,84.94651185481514,
basin_009,Salar de Incahuasi en Catamarca,2009,42.56694796996476,
basin_010,Salar de Incahuasi en Salta,2009,48.052675685382475,
basin_011,Salar de Jama,2009,86.41274503543832,
basin_012,Salar de Llullaillaco,2009,28.06533273381295,
basin_013,Salar de Olaroz,2009,110.98297798320165,
basin_014,Salar de Pastos Grandes,2009,105.29608464663599,
basin_015,Laguna Palar,2009,117.28140805179045,
basin_016,Salar de Pocitos o Quirón,2009,74.12492773906959,
basin_017,Laguna de Pozuelos,2009,218.49703075725927,
basin_018,Salar de Pozuelos,2009,82.46725185685348,
basin_019,Salar de Rincón,2009,73.39997977346277,
basin_020,Salar de Río Grande,2009,30.22840820566087,
basin_021,Salinas Grandes de Jujuy y Salta,2009,140.84610830186264,
basin_022,Laguna Socompa,2009,33.55909770974795,
basin_023,Laguna de las Salinas o Tres Quebradas,2009,48.35555417107968,
basin_024,Laguna Verde,2009,58.26988436870932,
basin_025,Laguna de Vilama,2009,112.45218653601886,
basin_026,Río Zapaleri,2009,99.91959961252827,
basin_027,Cuencas endorreicas en Catamarca (A),2009,65.7202457493928,
basin_028,Cuencas endorreicas en Catamarca (B),2009,79.2904073002448,
basin_029,Cuencas endorreicas en Catamarca (C),2009,128.16976127320956,
basin_030,Cuencas endorreicas en Catamarca (D),2009,94.03893965588212,
basin_031,Cuencas endorreicas en Catamarca (E),2009,43.324757004002265,
basin_032,Cuencas endorreicas en Catamarca (F),2009,41.544217687074834,
basin_033,Cuencas endorreicas en Catamarca (G),2009,58.776569256978135,
basin_034,Cuencas endorreicas en Catamarca (H),2009,29.975921653330722,
basin_035,Cuencas endorreicas en Jujuy (A),2009,85.42735042735043,
basin_036,Cuencas endorreicas en Jujuy (B),2009,177.88737698943024,
basin_037,Cuencas endorreicas en Jujuy (C),2009,86.81818181818184,
basin_038,Cuencas endorreicas en Jujuy (D),2009,98.87401574803152,
basin_039,Cuencas endorreicas en Jujuy (E),2009,112.95449844881074,
basin_040,Cuencas endorreicas en Jujuy (F),2009,131.24297940625834,
basin_041,Cuencas endorreicas en Salta (A),2009,83.22005645520724,
basin_042,Cuencas endorreicas en Salta (B),2009,57.88884846279789,
basin_043,Cuencas endorreicas en Salta (C),2009,35.382080329557155,
basin_044,Cuencas endorreicas en Salta (D),2009,89.05730897009965,
basin_045,Cuencas endorreicas en Salta (E),2009,129.20833333333334,
basin_046,Cuencas endorreicas en Salta (F),2009,36.47950237956082,
basin_047,Cuencas endorreicas en Salta (G),2009,138.81598513011156,
basin_048,Cuencas endorreicas en Salta (H),2009,65.74077328646747,
basin_049,Cuencas endorreicas en Salta y Catamarca (A),2009,39.96559461480928,
basin_050,Cuencas endorreicas en Salta y Catamarca (B),2009,56.35291489836945,
basin_051,Cuencas endorreicas en Salta y Catamarca (C),2009,97.80354993983151,
basin_001,Salar de Antofalla,2010,43.488300130074606,
basin_002,Salar de Arizaro,2010,56.49163252476642,
basin_003,Laguna Blanca,2010,101.36556874361168,
basin_004,Salar Carachi Pampa,2010,63.81960852645639,
basin_005,Salar de Cauchari,2010,101.13563813585137,
basin_006,Salar del Fraile,2010,32.46261765228202,
basin_007,Laguna de Guayatayoc,2010,164.37669034771037,
basin_008,Salar del Hombre Muerto,2010,94.69729729729733,
basin_009,Salar de Incahuasi en Catamarca,2010,44.82988902917137,
basin_010,Salar de Incahuasi en Salta,2010,52.93271878367052,
basin_011,Salar de Jama,2010,88.20471234276224,
basin_012,Salar de Llullaillaco,2010,28.806834532374097,
basin_013,Salar de Olaroz,2010,109.5344913274688,
basin_014,Salar de Pastos Grandes,2010,111.73605964551986,
basin_015,Laguna Palar,2010,114.51932025085986,
basin_016,Salar de Pocitos o Quirón,2010,81.19104268719386,
basin_017,Laguna de Pozuelos,2010,195.5575418765613,
basin_018,Salar de Pozuelos,2010,89.29152599594869,
basin_019,Salar de Rincón,2010,77.5859964940669,
basin_020,Salar de Río Grande,2010,31.85302518826279,
basin_021,Salinas Grandes de Jujuy y Salta,2010,137.46177110670166,
basin_022,Laguna Socompa,2010,34.617332259178276,
basin_023,Laguna de las Salinas o Tres Quebradas,2010,46.901812971154435,
basin_024,Laguna Verde,2010,54.50198960722811,
basin_025,Laguna de Vilama,2010,111.25276719288694,
basin_026,Río Zapaleri,2010,100.94672263480791,
basin_027,Cuencas endorreicas en Catamarca (A),2010,57.41834547792543,
basin_028,Cuencas endorreicas en Catamarca (B),2010,81.32152236812816,
basin_029,Cuencas endorreicas en Catamarca (C),2010,135.44031830238728,
basin_030,Cuencas endorreicas en Catamarca (D),2010,100.85296781098214,
basin_031,Cuencas endorreicas en Catamarca (E),2010,46.771526586620915,
basin_032,Cuencas endorreicas en Catamarca (F),2010,48.03401360544218,
basin_033,Cuencas endorreicas en Catamarca (G),2010,67.38081509631766,
basin_034,Cuencas endorreicas en Catamarca (H),2010,30.74890776103285,
basin_035,Cuencas endorreicas en Jujuy (A),2010,90.26780626780628,
basin_036,Cuencas endorreicas en Jujuy (B),2010,168.13716437856883,
basin_037,Cuencas endorreicas en Jujuy (C),2010,88.39750445632801,
basin_038,Cuencas endorreicas en Jujuy (D),2010,98.9625387735624,
basin_039,Cuencas endorreicas en Jujuy (E),2010,110.57600827300928,
basin_040,Cuencas endorreicas en Jujuy (F),2010,126.08504947847015,
basin_041,Cuencas endorreicas en Salta (A),2010,92.50135195364729,
basin_042,Cuencas endorreicas en Salta (B),2010,64.37529561579044,
basin_043,Cuencas endorreicas en Salta (C),2010,32.94593202883625,
basin_044,Cuencas endorreicas en Salta (D),2010,95.48006644518271,
basin_045,Cuencas endorreicas en Salta (E),2010,134.38888888888889,
basin_046,Cuencas endorreicas en Salta (F),2010,39.91408533021625,
basin_047,Cuencas endorreicas en Salta (G),2010,138.47862453531602,
basin_048,Cuencas endorreicas en Salta (H),2010,72.75922671353253,
basin_049,Cuencas endorreicas en Salta y Catamarca (A),2010,45.205150122876375,
basin_050,Cuencas endorreicas en Salta y Catamarca (B),2010,64.82108554835828,
basin_051,Cuencas endorreicas en Salta y Catamarca (C),2010,110.17719614921782,
basin_001,Salar de Antofalla,2011,68.10764701855273,
basin_002,Salar de Arizaro,2011,61.5683379939737,
basin_003,Laguna Blanca,2011,151.60458082146064,
basin_004,Salar Carachi Pampa,2011,105.72769936690474,
basin_005,Salar de Cauchari,2011,99.65625951873288,
basin_006,Salar del Fraile,2011,65.57640738767536,
basin_007,Laguna de Guayatayoc,2011,165.35777139381725,
basin_008,Salar del Hombre Muerto,2011,115.49509220411748,
basin_009,Salar de Incahuasi en Catamarca,2011,86.83267991228652,
basin_010,Salar de Incahuasi en Salta,2011,49.16113971028371,
basin_011,Salar de Jama,2011,78.76406359747142,
basin_012,Salar de Llullaillaco,2011,46.2738309352518,
basin_013,Salar de Olaroz,2011,99.90907509567118,
basin_014,Salar de Pastos Grandes,2011,122.1926871735345,
basin_015,Laguna Palar,2011,97.82965810236702,
basin_016,Salar de Pocitos o Quirón,2011,84.39416435938787,
basin_017,Laguna de Pozuelos,2011,186.68442069050244,
basin_018,Salar de Pozuelos,2011,97.45729237002026,
basin_019,Salar de Rincón,2011,73.8460760517799,
basin_020,Salar de Río Grande,2011,53.86912490262269,
basin_021,Salinas Grandes de Jujuy y Salta,2011,147.88704154131733,
basin_022,Laguna Socompa,2011,41.19680055242261,
basin_023,Laguna de las Salinas o Tres Quebradas,2011,144.17394554856395,
basin_024,Laguna Verde,2011,176.29347876972048,
basin_025,Laguna de Vilama,2011,94.938123752495,
basin_026,Río Zapaleri,2011,83.85114627058444,
basin_027,Cuencas endorreicas en Catamarca (A),2011,181.76568081154454,
basin_028,Cuencas endorreicas en Catamarca (B),2011,146.38023592254618,
basin_029,Cuencas endorreicas en Catamarca (C),2011,181.24137931034483,
basin_030,Cuencas endorreicas en Catamarca (D),2011,143.39096073104471,
basin_031,Cuencas endorreicas en Catamarca (E),2011,106.02441395082903,
basin_032,Cuencas endorreicas en Catamarca (F),2011,76.78911564625851,
basin_033,Cuencas endorreicas en Catamarca (G),2011,91.37753898571617,
basin_034,Cuencas endorreicas en Catamarca (H),2011,60.933974768052636,
basin_035,Cuencas endorreicas en Jujuy (A),2011,86.35042735042734,
basin_036,Cuencas endorreicas en Jujuy (B),2011,186.25075932450494,
basin_037,Cuencas endorreicas en Jujuy (C),2011,80.41265597147951,
basin_038,Cuencas endorreicas en Jujuy (D),2011,86.21999522786926,
basin_039,Cuencas endorreicas en Jujuy (E),2011,94.33092037228542,
basin_040,Cuencas endorreicas en Jujuy (F),2011,109.09146830703396,
basin_041,Cuencas endorreicas en Salta (A),2011,102.15641063734955,
basin_042,Cuencas endorreicas en Salta (B),2011,65.58795706749137,
basin_043,Cuencas endorreicas en Salta (C),2011,46.19309989701338,
basin_044,Cuencas endorreicas en Salta (D),2011,101.18023255813954,
basin_045,Cuencas endorreicas en Salta (E),2011,143.75,
basin_046,Cuencas endorreicas en Salta (F),2011,40.78099691074561,
basin_047,Cuencas endorreicas en Salta (G),2011,154.27788104089223,
basin_048,Cuencas endorreicas en Salta (H),2011,66.73637961335677,
basin_049,Cuencas endorreicas en Salta y Catamarca (A),2011,73.71343092210705,
basin_050,Cuencas endorreicas en Salta y Catamarca (B),2011,73.54724145633239,
basin_051,Cuencas endorreicas en Salta y Catamarca (C),2011,124.5885980746089,
basin_001,Salar de Antofalla,2012,42.5747929075101,
basin_002,Salar de Arizaro,2012,53.28786499317162,
basin_003,Laguna Blanca,2012,85.43659650806235,
basin_004,Salar Carachi Pampa,2012,55.408584538537475,
basin_005,Salar de Cauchari,2012,103.85178190679252,
basin_006,Salar del Fraile,2012,31.484860593145093,
basin_007,Laguna de Guayatayoc,2012,161.75481061635438,
basin_008,Salar del Hombre Muerto,2012,84.8794223826715,
basin_009,Salar de Incahuasi en Catamarca,2012,39.88404545152502,
basin_010,Salar de Incahuasi en Salta,2012,60.8248533461032,
basin_011,Salar de Jama,2012,97.92682459613049,
basin_012,Salar de Llullaillaco,2012,33.67814748201438,
basin_013,Salar de Olaroz,2012,114.78013021221611,
basin_014,Salar de Pastos Grandes,2012,109.2623777847225,
basin_015,Laguna Palar,2012,122.11025692899052,
basin_016,Salar de Pocitos o Quirón,2012,81.40177077311587,
basin_017,Laguna de Pozuelos,2012,192.97655322111646,
basin_018,Salar de Pozuelos,2012,87.83676569885213,
basin_019,Salar de Rincón,2012,84.19687162891046,
basin_020,Salar de Río Grande,2012,33.995481693066736,
basin_021,Salinas Grandes de Jujuy y Salta,2012,135.98847852525122,
basin_022,Laguna Socompa,2012,41.09195534583956,
basin_023,Laguna de las Salinas o Tres Quebradas,2012,34.2219799389446,
basin_024,Laguna Verde,2012,33.78442020504655,
basin_025,Laguna de Vilama,2012,122.61041553257122,
basin_026,Río Zapaleri,2012,112.83354859541495,
basin_027,Cuencas endorreicas en Catamarca (A),2012,40.24089155593657,
basin_028,Cuencas endorreicas en Catamarca (B),2012,66.22973514355664,
basin_029,Cuencas endorreicas en Catamarca (C),2012,115.98408488063663,
basin_030,Cuencas endorreicas en Catamarca (D),2012,89.22639334815182,
basin_031,Cuencas endorreicas en Catamarca (E),2012,40.774299599771275,
basin_032,Cuencas endorreicas en Catamarca (F),2012,47.54421768707484,
basin_033,Cuencas endorreicas en Catamarca (G),2012,62.69899095793477,
basin_034,Cuencas endorreicas en Catamarca (H),2012,31.57363408767365,
basin_035,Cuencas endorreicas en Jujuy (A),2012,95.64957264957265,
basin_036,Cuencas endorreicas en Jujuy (B),2012,164.4282590207751,
basin_037,Cuencas endorreicas en Jujuy (C),2012,97.05704099821749,
basin_038,Cuencas endorreicas en Jujuy (D),2012,108.66022429014555,
basin_039,Cuencas endorreicas en Jujuy (E),2012,118.13133402275076,
basin_040,Cuencas endorreicas en Jujuy (F),2012,131.23147900508158,
basin_041,Cuencas endorreicas en Salta (A),2012,88.07945327588767,
basin_042,Cuencas endorreicas en Salta (B),2012,65.68200836820084,
basin_043,Cuencas endorreicas en Salta (C),2012,38.73532440782699,
basin_044,Cuencas endorreicas en Salta (D),2012,95.16196013289036,
basin_045,Cuencas endorreicas en Salta (E),2012,131.9652777777778,
basin_046,Cuencas endorreicas en Salta (F),2012,48.16047424229775,
basin_047,Cuencas endorreicas en Salta (G),2012,135.0780669144982,
basin_048,Cuencas endorreicas en Salta (H),2012,78.32161687170475,
basin_049,Cuencas endorreicas en Salta y Catamarca (A),2012,46.42910567368308,
basin_050,Cuencas endorreicas en Salta y Catamarca (B),2012,61.55371900826449,
basin_051,Cuencas endorreicas en Salta y Catamarca (C),2012,101.25120336943444,
basin_001,Salar de Antofalla,2013,45.25808174163071,
basin_002,Salar de Arizaro,2013,42.72886995729554,
basin_003,Laguna Blanca,2013,100.26177016625297,
basin_004,Salar Carachi Pampa,2013,67.54569321019925,
basin_005,Salar de Cauchari,2013,78.84197380444712,
basin_006,Salar del Fraile,2013,39.858772864500104,
basin_007,Laguna de Guayatayoc,2013,150.02929720356647,
basin_008,Salar del Hombre Muerto,2013,84.92042150453706,
basin_009,Salar de Incahuasi en Catamarca,2013,55.11974217555985,
basin_010,Salar de Incahuasi en Salta,2013,40.526996288758504,
basin_011,Salar de Jama,2013,65.46733925036713,
basin_012,Salar de Llullaillaco,2013,26.593974820143885,
basin_013,Salar de Olaroz,2013,87.11483027682524,
basin_014,Salar de Pastos Grandes,2013,93.61078619581227,
basin_015,Laguna Palar,2013,93.24600445073843,
basin_016,Salar de Pocitos o Quirón,2013,64.92691757690085,
basin_017,Laguna de Pozuelos,2013,188.14786828848756,
basin_018,Salar de Pozuelos,2013,73.13116137744765,
basin_019,Salar de Rincón,2013,58.2065466558792,
basin_020,Salar de Río Grande,2013,32.03225136328225,
basin_021,Salinas Grandes de Jujuy y Salta,2013,121.27806759265184,
basin_022,Laguna Socompa,2013,28.235585222695363,
basin_023,Laguna de las Salinas o Tres Quebradas,2013,114.34963553672665,
basin_024,Laguna Verde,2013,130.85356490800993,
basin_025,Laguna de Vilama,2013,90.87189257847938,
basin_026,Río Zapaleri,2013,76.7089118501776,
basin_027,Cuencas endorreicas en Catamarca (A),2013,130.75182168881273,
basin_028,Cuencas endorreicas en Catamarca (B),2013,95.07282439350095,
basin_029,Cuencas endorreicas en Catamarca (C),2013,127.93633952254643,
basin_030,Cuencas endorreicas en Catamarca (D),2013,95.77986334074258,
basin_031,Cuencas endorreicas en Catamarca (E),2013,74.9384362492853,
basin_032,Cuencas endorreicas en Catamarca (F),2013,46.333333333333336,
basin_033,Cuencas endorreicas en Catamarca (G),2013,61.45315161839865,
basin_034,Cuencas endorreicas en Catamarca (H),2013,36.94710618035442,
basin_035,Cuencas endorreicas en Jujuy (A),2013,68.23646723646723,
basin_036,Cuencas endorreicas en Jujuy (B),2013,150.62519742437127,
basin_037,Cuencas endorreicas en Jujuy (C),2013,66.41354723707666,
basin_038,Cuencas endorreicas en Jujuy (D),2013,75.24934383202103,
basin_039,Cuencas endorreicas en Jujuy (E),2013,88.59152016546018,
basin_040,Cuencas endorreicas en Jujuy (F),2013,105.57608986359988,
basin_041,Cuencas endorreicas en Salta (A),2013,79.07374832862871,
basin_042,Cuencas endorreicas en Salta (B),2013,52.4114062215754,
basin_043,Cuencas endorreicas en Salta (C),2013,27.466014418125646,
basin_044,Cuencas endorreicas en Salta (D),2013,76.01162790697676,
basin_045,Cuencas endorreicas en Salta (E),2013,109.74305555555556,
basin_046,Cuencas endorreicas en Salta (F),2013,32.42356182683477,
basin_047,Cuencas endorreicas en Salta (G),2013,123.15799256505578,
basin_048,Cuencas endorreicas en Salta (H),2013,51.75659050966608,
basin_049,Cuencas endorreicas en Salta y Catamarca (A),2013,45.744417138583174,
basin_050,Cuencas endorreicas en Salta y Catamarca (B),2013,57.58275631002904,
basin_051,Cuencas endorreicas en Salta y Catamarca (C),2013,97.14440433212994,
basin_001,Salar de Antofalla,2014,44.04030944067914,
basin_002,Salar de Arizaro,2014,47.927705881077785,
basin_003,Laguna Blanca,2014,115.6028911742006,
basin_004,Salar Carachi Pampa,2014,71.99066039379682,
basin_005,Salar de Cauchari,2014,85.32037770332009,
basin_006,Salar del Fraile,2014,35.29652814775353,
basin_007,Laguna de Guayatayoc,2014,150.00612730825483,
basin_008,Salar del Hombre Muerto,2014,93.59549224314566,
basin_009,Salar de Incahuasi en Catamarca,2014,53.10658515515982,
basin_010,Salar de Incahuasi en Salta,2014,45.59595354962288,
basin_011,Salar de Jama,2014,72.67134921141687,
basin_012,Salar de Llullaillaco,2014,25.706879496402877,
basin_013,Salar de Olaroz,2014,91.266761095373,
basin_014,Salar de Pastos Grandes,2014,96.63583195678375,
basin_015,Laguna Palar,2014,92.11794456807608,
basin_016,Salar de Pocitos o Quirón,2014,68.28484498128822,
basin_017,Laguna de Pozuelos,2014,168.38348281934717,
basin_018,Salar de Pozuelos,2014,75.01046590141796,
basin_019,Salar de Rincón,2014,65.03172195253504,
basin_020,Salar de Río Grande,2014,29.705479096338603,
basin_021,Salinas Grandes de Jujuy y Salta,2014,126.749023875056,
basin_022,Laguna Socompa,2014,30.335941995626655,
basin_023,Laguna de las Salinas o Tres Quebradas,2014,68.90978755217743,
basin_024,Laguna Verde,2014,82.24137446748743,
basin_025,Laguna de Vilama,2014,87.85265831972417,
basin_026,Río Zapaleri,2014,77.54181465934775,
basin_027,Cuencas endorreicas en Catamarca (A),2014,86.53736248035436,
basin_028,Cuencas endorreicas en Catamarca (B),2014,99.1599821945248,
basin_029,Cuencas endorreicas en Catamarca (C),2014,151.32891246684352,
basin_030,Cuencas endorreicas en Catamarca (D),2014,110.5218572487034,
basin_031,Cuencas endorreicas en Catamarca (E),2014,59.76230703259005,
basin_032,Cuencas endorreicas en Catamarca (F),2014,46.57823129251701,
basin_033,Cuencas endorreicas en Catamarca (G),2014,66.03367841698336,
basin_034,Cuencas endorreicas en Catamarca (H),2014,32.067841539443336,
basin_035,Cuencas endorreicas en Jujuy (A),2014,75.53561253561253,
basin_036,Cuencas endorreicas en Jujuy (B),2014,159.59944113716438,
basin_037,Cuencas endorreicas en Jujuy (C),2014,74.10873440285206,
basin_038,Cuencas endorreicas en Jujuy (D),2014,80.27368169887855,
basin_039,Cuencas endorreicas en Jujuy (E),2014,88.75801447776628,
basin_040,Cuencas endorreicas en Jujuy (F),2014,102.17250601765176,
basin_041,Cuencas endorreicas en Salta (A),2014,81.3061060763631,
basin_042,Cuencas endorreicas en Salta (B),2014,54.38839366927416,
basin_043,Cuencas endorreicas en Salta (C),2014,27.210092687950567,
basin_044,Cuencas endorreicas en Salta (D),2014,79.53654485049836,
basin_045,Cuencas endorreicas en Salta (E),2014,116.06944444444444,
basin_046,Cuencas endorreicas en Salta (F),2014,35.69850546881524,
basin_047,Cuencas endorreicas en Salta (G),2014,127.9154275092937,
basin_048,Cuencas endorreicas en Salta (H),2014,59.00175746924429,
basin_049,Cuencas endorreicas en Salta y Catamarca (A),2014,45.17576664173523,
basin_050,Cuencas endorreicas en Salta y Catamarca (B),2014,59.63144963144963,
basin_051,Cuencas endorreicas en Salta y Catamarca (C),2014,101.62229241877255,
basin_001,Salar de Antofalla,2015,68.93193674265761,
basin_002,Salar de Arizaro,2015,78.9865816912705,
basin_003,Laguna Blanca,2015,142.0144767308454,
basin_004,Salar Carachi Pampa,2015,97.38337689492941,
basin_005,Salar de Cauchari,2015,115.60999086201646,
basin_006,Salar del Fraile,2015,65.0416444681229,
basin_007,Laguna de Guayatayoc,2015,178.4843291018027,
basin_008,Salar del Hombre Muerto,2015,122.0910918138355,
basin_009,Salar de Incahuasi en Catamarca,2015,76.82510465811681,
basin_010,Salar de Incahuasi en Salta,2015,67.75002992936668,
basin_011,Salar de Jama,2015,102.95721856841831,
basin_012,Salar de Llullaillaco,2015,54.131609712230215,
basin_013,Salar de Olaroz,2015,125.61644550469663,
basin_014,Salar de Pastos Grandes,2015,122.83811777311486,
basin_015,Laguna Palar,2015,134.07849484118958,
basin_016,Salar de Pocitos o Quirón,2015,94.8279733471263,
basin_017,Laguna de Pozuelos,2015,211.84936724413316,
basin_018,Salar de Pozuelos,2015,99.60972316002702,
basin_019,Salar de Rincón,2015,91.93911812297735,
basin_020,Salar de Río Grande,2015,58.512126720332375,
basin_021,Salinas Grandes de Jujuy y Salta,2015,148.3905939960315,
basin_022,Laguna Socompa,2015,56.83991253308782,
basin_023,Laguna de las Salinas o Tres Quebradas,2015,122.00598093576721,
basin_024,Laguna Verde,2015,132.38242591638965,
basin_025,Laguna de Vilama,2015,131.65287606604969,
basin_026,Río Zapaleri,2015,121.69987084275105,
basin_027,Cuencas endorreicas en Catamarca (A),2015,136.49592798971284,
basin_028,Cuencas endorreicas en Catamarca (B),2015,129.68787002003117,
basin_029,Cuencas endorreicas en Catamarca (C),2015,176.45092838196288,
basin_030,Cuencas endorreicas en Catamarca (D),2015,139.43796822260643,
basin_031,Cuencas endorreicas en Catamarca (E),2015,97.27694396798168,
basin_032,Cuencas endorreicas en Catamarca (F),2015,76.06122448979592,
basin_033,Cuencas endorreicas en Catamarca (G),2015,94.89529550517629,
basin_034,Cuencas endorreicas en Catamarca (H),2015,63.781233125521574,
basin_035,Cuencas endorreicas en Jujuy (A),2015,106.38176638176638,
basin_036,Cuencas endorreicas en Jujuy (B),2015,179.10460454379788,
basin_037,Cuencas endorreicas en Jujuy (C),2015,102.38235294117648,
basin_038,Cuencas endorreicas en Jujuy (D),2015,114.97256024815081,
basin_039,Cuencas endorreicas en Jujuy (E),2015,130.3433298862461,
basin_040,Cuencas endorreicas en Jujuy (F),2015,146.95399839529284,
basin_041,Cuencas endorreicas en Salta (A),2015,106.44234140543752,
basin_042,Cuencas endorreicas en Salta (B),2015,78.9907222121157,
basin_043,Cuencas endorreicas en Salta (C),2015,58.97013388259528,
basin_044,Cuencas endorreicas en Salta (D),2015,107.95431893687707,
basin_045,Cuencas endorreicas en Salta (E),2015,150.5277777777778,
basin_046,Cuencas endorreicas en Salta (F),2015,60.13793103448277,
basin_047,Cuencas endorreicas en Salta (G),2015,148.55669144981417,
basin_048,Cuencas endorreicas en Salta (H),2015,90.36818980667839,
basin_049,Cuencas endorreicas en Salta y Catamarca (A),2015,77.23132813334759,
basin_050,Cuencas endorreicas en Salta y Catamarca (B),2015,84.89412553048916,
basin_051,Cuencas endorreicas en Salta y Catamarca (C),2015,127.91982551143207,
basin_001,Salar de Antofalla,2016,65.84855206407886,
basin_002,Salar de Arizaro,2016,69.91782098805575,
basin_003,Laguna Blanca,2016,136.12205093973594,
basin_004,Salar Carachi Pampa,2016,94.21817970610437,
basin_005,Salar de Cauchari,2016,107.22187024063356,
basin_006,Salar del Fraile,2016,59.61720831113481,
basin_007,Laguna de Guayatayoc,2016,161.59706639750522,
basin_008,Salar del Hombre Muerto,2016,120.20263440335644,
basin_009,Salar de Incahuasi en Catamarca,2016,74.08651737656986,
basin_010,Salar de Incahuasi en Salta,2016,61.502334490602166,
basin_011,Salar de Jama,2016,89.49690313517652,
basin_012,Salar de Llullaillaco,2016,44.95732913669065,
basin_013,Salar de Olaroz,2016,111.91871676358036,
basin_014,Salar de Pastos Grandes,2016,121.41702754587254,
basin_015,Laguna Palar,2016,110.64171555735388,
basin_016,Salar de Pocitos o Quirón,2016,91.4428758329023,
basin_017,Laguna de Pozuelos,2016,179.31076708850395,
basin_018,Salar de Pozuelos,2016,98.85449020931803,
basin_019,Salar de Rincón,2016,82.81839940668827,
basin_020,Salar de Río Grande,2016,50.296234744222275,
basin_021,Salinas Grandes de Jujuy y Salta,2016,142.86743903219613,
basin_022,Laguna Socompa,2016,46.473357118195416,
basin_023,Laguna de las Salinas o Tres Quebradas,2016,112.5996511120802,
basin_024,Laguna Verde,2016,125.92814006834884,
basin_025,Laguna de Vilama,2016,105.49482852476861,
basin_026,Río Zapaleri,2016,97.4522118178883,
basin_027,Cuencas endorreicas en Catamarca (A),2016,131.4173453350479,
basin_028,Cuencas endorreicas en Catamarca (B),2016,124.00556421099489,
basin_029,Cuencas endorreicas en Catamarca (C),2016,173.04774535809017,
basin_030,Cuencas endorreicas en Catamarca (D),2016,135.80209105128844,
basin_031,Cuencas endorreicas en Catamarca (E),2016,89.35518867924527,
basin_032,Cuencas endorreicas en Catamarca (F),2016,72.00680272108843,
basin_033,Cuencas endorreicas en Catamarca (G),2016,93.17075088454989,
basin_034,Cuencas endorreicas en Catamarca (H),2016,55.49091846252026,
basin_035,Cuencas endorreicas en Jujuy (A),2016,95.49572649572652,
basin_036,Cuencas endorreicas en Jujuy (B),2016,171.50479893087115,
basin_037,Cuencas endorreicas en Jujuy (C),2016,90.06417112299465,
basin_038,Cuencas endorreicas en Jujuy (D),2016,97.78907182056791,
basin_039,Cuencas endorreicas en Jujuy (E),2016,108.53050672182003,
basin_040,Cuencas endorreicas en Jujuy (F),2016,120.71676918962285,
basin_041,Cuencas endorreicas en Salta (A),2016,107.6732432030901,
basin_042,Cuencas endorreicas en Salta (B),2016,76.5423867564126,
basin_043,Cuencas endorreicas en Salta (C),2016,46.822863027806385,
basin_044,Cuencas endorreicas en Salta (D),2016,105.04568106312296,
basin_045,Cuencas endorreicas en Salta (E),2016,142.14583333333334,
basin_046,Cuencas endorreicas en Salta (F),2016,50.75995658345162,
basin_047,Cuencas endorreicas en Salta (G),2016,144.84758364312268,
basin_048,Cuencas endorreicas en Salta (H),2016,80.65465729349737,
basin_049,Cuencas endorreicas en Salta y Catamarca (A),2016,71.35687573458704,
basin_050,Cuencas endorreicas en Salta y Catamarca (B),2016,84.38842975206612,
basin_051,Cuencas endorreicas en Salta y Catamarca (C),2016,130.54678098676297,
basin_001,Salar de Antofalla,2017,59.20958444581364,
basin_002,Salar de Arizaro,2017,67.72265938306127,
basin_003,Laguna Blanca,2017,129.25738959928248,
basin_004,Salar Carachi Pampa,2017,87.91145960387985,
basin_005,Salar de Cauchari,2017,92.13947608894301,
basin_006,Salar del Fraile,2017,56.362457822766814,
basin_007,Laguna de Guayatayoc,2017,150.94444660118802,
basin_008,Salar del Hombre Muerto,2017,104.30795199531663,
basin_009,Salar de Incahuasi en Catamarca,2017,71.32327729417236,
basin_010,Salar de Incahuasi en Salta,2017,54.02885190949359,
basin_011,Salar de Jama,2017,81.83391865142713,
basin_012,Salar de Llullaillaco,2017,43.591007194244604,
basin_013,Salar de Olaroz,2017,102.49371303613147,
basin_014,Salar de Pastos Grandes,2017,99.37970445109154,
basin_015,Laguna Palar,2017,108.83066963382564,
basin_016,Salar de Pocitos o Quirón,2017,75.2692366203183,
basin_017,Laguna de Pozuelos,2017,180.71831101281887,
basin_018,Salar de Pozuelos,2017,80.41593517893315,
basin_019,Salar de Rincón,2017,72.51833872707658,
basin_020,Salar de Río Grande,2017,47.902363022591516,
basin_021,Salinas Grandes de Jujuy y Salta,2017,122.25345644242462,
basin_022,Laguna Socompa,2017,45.21947289676603,
basin_023,Laguna de las Salinas o Tres Quebradas,2017,112.33624073266459,
basin_024,Laguna Verde,2017,123.40307101727441,
basin_025,Laguna de Vilama,2017,105.78588277989475,
basin_026,Río Zapaleri,2017,94.66677429770748,
basin_027,Cuencas endorreicas en Catamarca (A),2017,127.08072581797403,
basin_028,Cuencas endorreicas en Catamarca (B),2017,121.45470732250162,
basin_029,Cuencas endorreicas en Catamarca (C),2017,161.710875331565,
basin_030,Cuencas endorreicas en Catamarca (D),2017,123.43945006997616,
basin_031,Cuencas endorreicas en Catamarca (E),2017,85.64706975414518,
basin_032,Cuencas endorreicas en Catamarca (F),2017,64.03401360544218,
basin_033,Cuencas endorreicas en Catamarca (G),2017,80.26025422618268,
basin_034,Cuencas endorreicas en Catamarca (H),2017,53.179446271660694,
basin_035,Cuencas endorreicas en Jujuy (A),2017,82.38176638176638,
basin_036,Cuencas endorreicas en Jujuy (B),2017,148.41222208723119,
basin_037,Cuencas endorreicas en Jujuy (C),2017,82.26470588235296,
basin_038,Cuencas endorreicas en Jujuy (D),2017,92.69219756621332,
basin_039,Cuencas endorreicas en Jujuy (E),2017,105.39089968976215,
basin_040,Cuencas endorreicas en Jujuy (F),2017,118.49304626905591,
basin_041,Cuencas endorreicas en Salta (A),2017,88.09145743574507,
basin_042,Cuencas endorreicas en Salta (B),2017,63.27651446243406,
basin_043,Cuencas endorreicas en Salta (C),2017,47.125128733264674,
basin_044,Cuencas endorreicas en Salta (D),2017,85.91029900332224,
basin_045,Cuencas endorreicas en Salta (E),2017,120.88888888888889,
basin_046,Cuencas endorreicas en Salta (F),2017,47.45495533105118,
basin_047,Cuencas endorreicas en Salta (G),2017,121.52509293680299,
basin_048,Cuencas endorreicas en Salta (H),2017,70.41652021089631,
basin_049,Cuencas endorreicas en Salta y Catamarca (A),2017,64.26765680094026,
basin_050,Cuencas endorreicas en Salta y Catamarca (B),2017,71.05896805896806,
basin_051,Cuencas endorreicas en Salta y Catamarca (C),2017,108.72367629362216,
basin_001,Salar de Antofalla,2018,62.36029301020057,
basin_002,Salar de Arizaro,2018,68.37647135331989,
basin_003,Laguna Blanca,2018,123.81082208640153,
basin_004,Salar Carachi Pampa,2018,87.09573096358247,
basin_005,Salar de Cauchari,2018,117.18699360341152,
basin_006,Salar del Fraile,2018,55.93602379683893,
basin_007,Laguna de Guayatayoc,2018,202.20143121498018,
basin_008,Salar del Hombre Muerto,2018,111.50321006927508,
basin_009,Salar de Incahuasi en Catamarca,2018,69.22685892750347,
basin_010,Salar de Incahuasi en Salta,2018,62.91188794445109,
basin_011,Salar de Jama,2018,103.1744460762403,
basin_012,Salar de Llullaillaco,2018,41.18552158273381,
basin_013,Salar de Olaroz,2018,130.67583619104425,
basin_014,Salar de Pastos Grandes,2018,127.75896245368088,
basin_015,Laguna Palar,2018,137.02670443050783,
basin_016,Salar de Pocitos o Quirón,2018,93.75908966440504,
basin_017,Laguna de Pozuelos,2018,243.26026948437556,
basin_018,Salar de Pozuelos,2018,102.2489871708305,
basin_019,Salar de Rincón,2018,89.86967367853286,
basin_020,Salar de Río Grande,2018,47.43069332640872,
basin_021,Salinas Grandes de Jujuy y Salta,2018,163.93786404659792,
basin_022,Laguna Socompa,2018,43.83622971573253,
basin_023,Laguna de las Salinas o Tres Quebradas,2018,111.61541336988348,
basin_024,Laguna Verde,2018,124.07822667478109,
basin_025,Laguna de Vilama,2018,133.92596624931954,
basin_026,Río Zapaleri,2018,117.90813690668388,
basin_027,Cuencas endorreicas en Catamarca (A),2018,125.0272896128019,
basin_028,Cuencas endorreicas en Catamarca (B),2018,112.24745159136431,
basin_029,Cuencas endorreicas en Catamarca (C),2018,157.47214854111408,
basin_030,Cuencas endorreicas en Catamarca (D),2018,124.32172552893721,
basin_031,Cuencas endorreicas en Catamarca (E),2018,85.4305460263007,
basin_032,Cuencas endorreicas en Catamarca (F),2018,66.3061224489796,
basin_033,Cuencas endorreicas en Catamarca (G),2018,86.57790591010354,
basin_034,Cuencas endorreicas en Catamarca (H),2018,52.84900103087725,
basin_035,Cuencas endorreicas en Jujuy (A),2018,103.69515669515671,
basin_036,Cuencas endorreicas en Jujuy (B),2018,199.73599805612926,
basin_037,Cuencas endorreicas en Jujuy (C),2018,103.93672014260252,
basin_038,Cuencas endorreicas en Jujuy (D),2018,116.2357432593653,
basin_039,Cuencas endorreicas en Jujuy (E),2018,131.5511892450879,
basin_040,Cuencas endorreicas en Jujuy (F),2018,152.15084247124898,
basin_041,Cuencas endorreicas en Salta (A),2018,106.41536175902537,
basin_042,Cuencas endorreicas en Salta (B),2018,75.92450427505915,
basin_043,Cuencas endorreicas en Salta (C),2018,43.381050463439756,
basin_044,Cuencas endorreicas en Salta (D),2018,108.52242524916943,
basin_045,Cuencas endorreicas en Salta (E),2018,156.05555555555557,
basin_046,Cuencas endorreicas en Salta (F),2018,49.96384737413375,
basin_047,Cuencas endorreicas en Salta (G),2018,163.16078066914503,
basin_048,Cuencas endorreicas en Salta (H),2018,82.29349736379612,
basin_049,Cuencas endorreicas en Salta y Catamarca (A),2018,65.46543434127578,
basin_050,Cuencas endorreicas en Salta y Catamarca (B),2018,79.88965825329463,
basin_051,Cuencas endorreicas en Salta y Catamarca (C),2018,124.11070998796632,
basin_001,Salar de Antofalla,2019,59.60873553775588,
basin_002,Salar de Arizaro,2019,81.10534131061537,
basin_003,Laguna Blanca,2019,104.633722021736,
basin_004,Salar Carachi Pampa,2019,89.47827147586688,
basin_005,Salar de Cauchari,2019,87.22120012183976,
basin_006,Salar del Fraile,2019,60.88576629373115,
basin_007,Laguna de Guayatayoc,2019,140.28213439962744,
basin_008,Salar del Hombre Muerto,2019,96.03290077080695,
basin_009,Salar de Incahuasi en Catamarca,2019,69.7343345072762,
basin_010,Salar de Incahuasi en Salta,2019,62.30168801628156,
basin_011,Salar de Jama,2019,80.70793691335163,
basin_012,Salar de Llullaillaco,2019,57.994154676258994,
basin_013,Salar de Olaroz,2019,93.40780776303369,
basin_014,Salar de Pastos Grandes,2019,96.37381133086295,
basin_015,Laguna Palar,2019,112.55816305887116,
basin_016,Salar de Pocitos o Quirón,2019,72.69881644202393,
basin_017,Laguna de Pozuelos,2019,173.039419257075,
basin_018,Salar de Pozuelos,2019,73.72012153950031,
basin_019,Salar de Rincón,2019,66.87658441208198,
basin_020,Salar de Río Grande,2019,60.37953778239419,
basin_021,Salinas Grandes de Jujuy y Salta,2019,112.07825001600202,
basin_022,Laguna Socompa,2019,60.1847163079756,
basin_023,Laguna de las Salinas o Tres Quebradas,2019,93.67285527381469,
basin_024,Laguna Verde,2019,108.85407986517484,
basin_025,Laguna de Vilama,2019,114.79060061694788,
basin_026,Río Zapaleri,2019,102.35276073619634,
basin_027,Cuencas endorreicas en Catamarca (A),2019,108.90312901843122,
basin_028,Cuencas endorreicas en Catamarca (B),2019,94.77249054084129,
basin_029,Cuencas endorreicas en Catamarca (C),2019,122.50132625994695,
basin_030,Cuencas endorreicas en Catamarca (D),2019,119.71457973162099,
basin_031,Cuencas endorreicas en Catamarca (E),2019,83.27908805031444,
basin_032,Cuencas endorreicas en Catamarca (F),2019,69.48299319727892,
basin_033,Cuencas endorreicas en Catamarca (G),2019,81.04127899357886,
basin_034,Cuencas endorreicas en Catamarca (H),2019,61.113666486672244,
basin_035,Cuencas endorreicas en Jujuy (A),2019,73.65527065527066,
basin_036,Cuencas endorreicas en Jujuy (B),2019,160.05697971084922,
basin_037,Cuencas endorreicas en Jujuy (C),2019,78.75935828877007,
basin_038,Cuencas endorreicas en Jujuy (D),2019,93.62228585063231,
basin_039,Cuencas endorreicas en Jujuy (E),2019,109.02585315408479,
basin_040,Cuencas endorreicas en Jujuy (F),2019,119.68587857715964,
basin_041,Cuencas endorreicas en Salta (A),2019,81.3358193433368,
basin_042,Cuencas endorreicas en Salta (B),2019,67.47962525013644,
basin_043,Cuencas endorreicas en Salta (C),2019,65.6725025746653,
basin_044,Cuencas endorreicas en Salta (D),2019,83.12126245847178,
basin_045,Cuencas endorreicas en Salta (E),2019,127.36111111111114,
basin_046,Cuencas endorreicas en Salta (F),2019,64.08574768305921,
basin_047,Cuencas endorreicas en Salta (G),2019,113.24721189591081,
basin_048,Cuencas endorreicas en Salta (H),2019,69.304920913884,
basin_049,Cuencas endorreicas en Salta y Catamarca (A),2019,77.6078640880436,
basin_050,Cuencas endorreicas en Salta y Catamarca (B),2019,66.51418360509271,
basin_051,Cuencas endorreicas en Salta y Catamarca (C),2019,90.30685920577616,
basin_001,Salar de Antofalla,2020,44.899869925378226,
basin_002,Salar de Arizaro,2020,56.38335392686043,
basin_003,Laguna Blanca,2020,108.60241139781806,
basin_004,Salar Carachi Pampa,2020,70.54997967125517,
basin_005,Salar de Cauchari,2020,98.17075845263479,
basin_006,Salar del Fraile,2020,33.16733262297995,
basin_007,Laguna de Guayatayoc,2020,172.5685197406733,
basin_008,Salar del Hombre Muerto,2020,106.7470972777832,
basin_009,Salar de Incahuasi en Catamarca,2020,46.436972556316036,
basin_010,Salar de Incahuasi en Salta,2020,56.032922303364046,
basin_011,Salar de Jama,2020,94.22872102675434,
basin_012,Salar de Llullaillaco,2020,32.325764388489205,
basin_013,Salar de Olaroz,2020,116.6468366383381,
basin_014,Salar de Pastos Grandes,2020,115.88361087548547,
basin_015,Laguna Palar,2020,135.73740643334014,
basin_016,Salar de Pocitos o Quirón,2020,79.21809109441082,
basin_017,Laguna de Pozuelos,2020,201.29127247409582,
basin_018,Salar de Pozuelos,2020,91.07967589466577,
basin_019,Salar de Rincón,2020,71.62897788565263,
basin_020,Salar de Río Grande,2020,38.160114256037396,
basin_021,Salinas Grandes de Jujuy y Salta,2020,135.28456442424627,
basin_022,Laguna Socompa,2020,37.67176890321096,
basin_023,Laguna de las Salinas o Tres Quebradas,2020,61.7246277490499,
basin_024,Laguna Verde,2020,83.7792238191096,
basin_025,Laguna de Vilama,2020,138.16766467065867,
basin_026,Río Zapaleri,2020,130.86486922828547,
basin_027,Cuencas endorreicas en Catamarca (A),2020,93.7596799542792,
basin_028,Cuencas endorreicas en Catamarca (B),2020,96.1895392833296,
basin_029,Cuencas endorreicas en Catamarca (C),2020,147.0053050397878,
basin_030,Cuencas endorreicas en Catamarca (D),2020,114.00032929941553,
basin_031,Cuencas endorreicas en Catamarca (E),2020,53.25384505431675,
basin_032,Cuencas endorreicas en Catamarca (F),2020,51.46258503401362,
basin_033,Cuencas endorreicas en Catamarca (G),2020,78.52941947320144,
basin_034,Cuencas endorreicas en Catamarca (H),2020,33.30516420401551,
basin_035,Cuencas endorreicas en Jujuy (A),2020,79.33903133903134,
basin_036,Cuencas endorreicas en Jujuy (B),2020,183.92200218685454,
basin_037,Cuencas endorreicas en Jujuy (C),2020,92.02941176470588,
basin_038,Cuencas endorreicas en Jujuy (D),2020,116.87807205917444,
basin_039,Cuencas endorreicas en Jujuy (E),2020,136.18304033092036,
basin_040,Cuencas endorreicas en Jujuy (F),2020,138.167825621824,
basin_041,Cuencas endorreicas en Salta (A),2020,96.43610161937303,
basin_042,Cuencas endorreicas en Salta (B),2020,59.65726760050937,
basin_043,Cuencas endorreicas en Salta (C),2020,33.8455200823893,
basin_044,Cuencas endorreicas en Salta (D),2020,96.59468438538205,
basin_045,Cuencas endorreicas en Salta (E),2020,141.85416666666669,
basin_046,Cuencas endorreicas en Salta (F),2020,45.19737830842448,
basin_047,Cuencas endorreicas en Salta (G),2020,121.09386617100375,
basin_048,Cuencas endorreicas en Salta (H),2020,66.67926186291741,
basin_049,Cuencas endorreicas en Salta y Catamarca (A),2020,51.83192648787263,
basin_050,Cuencas endorreicas en Salta y Catamarca (B),2020,57.89233861961135,
basin_051,Cuencas endorreicas en Salta y Catamarca (C),2020,123.29061371841158,
basin_001,Salar de Antofalla,2021,74.2005066064216,
basin_002,Salar de Arizaro,2021,100.27189959029718,
basin_003,Laguna Blanca,2021,117.65193266442779,
basin_004,Salar Carachi Pampa,2021,91.30799790904338,
basin_005,Salar de Cauchari,2021,129.75915321352417,
basin_006,Salar del Fraile,2021,64.28640561179185,
basin_007,Laguna de Guayatayoc,2021,203.7383244691176,
basin_008,Salar del Hombre Muerto,2021,113.72846131329891,
basin_009,Salar de Incahuasi en Catamarca,2021,73.44348461691807,
basin_010,Salar de Incahuasi en Salta,2021,102.34646234885665,
basin_011,Salar de Jama,2021,105.4836855884043,
basin_012,Salar de Llullaillaco,2021,45.096492805755396,
basin_013,Salar de Olaroz,2021,129.35984792008358,
basin_014,Salar de Pastos Grandes,2021,142.18978525827043,
basin_015,Laguna Palar,2021,133.3862027109043,
basin_016,Salar de Pocitos o Quirón,2021,121.55386862202211,
basin_017,Laguna de Pozuelos,2021,228.27675390097056,
basin_018,Salar de Pozuelos,2021,120.30030384875086,
basin_019,Salar de Rincón,2021,122.15426105717364,
basin_020,Salar de Río Grande,2021,56.03765255777721,
basin_021,Salinas Grandes de Jujuy y Salta,2021,168.17259809255592,
basin_022,Laguna Socompa,2021,46.73610311888594,
basin_023,Laguna de las Salinas o Tres Quebradas,2021,85.43698211949408,
basin_024,Laguna Verde,2021,96.29188708393798,
basin_025,Laguna de Vilama,2021,128.07784431137722,
basin_026,Río Zapaleri,2021,112.25298676138202,
basin_027,Cuencas endorreicas en Catamarca (A),2021,94.7643949135591,
basin_028,Cuencas endorreicas en Catamarca (B),2021,93.1495214778544,
basin_029,Cuencas endorreicas en Catamarca (C),2021,157.70026525198938,
basin_030,Cuencas endorreicas en Catamarca (D),2021,132.41845723223838,
basin_031,Cuencas endorreicas en Catamarca (E),2021,76.65573184676956,
basin_032,Cuencas endorreicas en Catamarca (F),2021,77.06122448979592,
basin_033,Cuencas endorreicas en Catamarca (G),2021,94.96684576071294,
basin_034,Cuencas endorreicas en Catamarca (H),2021,61.7431888468902,
basin_035,Cuencas endorreicas en Jujuy (A),2021,136.52421652421654,
basin_036,Cuencas endorreicas en Jujuy (B),2021,197.37188676952977,
basin_037,Cuencas endorreicas en Jujuy (C),2021,113.39839572192514,
basin_038,Cuencas endorreicas en Jujuy (D),2021,110.44333094726795,
basin_039,Cuencas endorreicas en Jujuy (E),2021,127.46639089968976,
basin_040,Cuencas endorreicas en Jujuy (F),2021,149.2659802086119,
basin_041,Cuencas endorreicas en Salta (A),2021,110.35828257316892,
basin_042,Cuencas endorreicas en Salta (B),2021,106.97180280152811,
basin_043,Cuencas endorreicas en Salta (C),2021,42.12358393408858,
basin_044,Cuencas endorreicas en Salta (D),2021,134.4260797342193,
basin_045,Cuencas endorreicas en Salta (E),2021,166.10416666666669,
basin_046,Cuencas endorreicas en Salta (F),2021,60.85831176421477,
basin_047,Cuencas endorreicas en Salta (G),2021,169.48420074349445,
basin_048,Cuencas endorreicas en Salta (H),2021,115.04920913884008,
basin_049,Cuencas endorreicas en Salta y Catamarca (A),2021,72.80596217544608,
basin_050,Cuencas endorreicas en Salta y Catamarca (B),2021,93.39356712083983,
basin_051,Cuencas endorreicas en Salta y Catamarca (C),2021,119.12695547533093,
basin_001,Salar de Antofalla,2022,81.03935099609772,
basin_002,Salar de Arizaro,2022,70.25348464156423,
basin_003,Laguna Blanca,2022,127.22797722105183,
basin_004,Salar Carachi Pampa,2022,98.76278097229485,
basin_005,Salar de Cauchari,2022,101.39731952482484,
basin_006,Salar del Fraile,2022,74.49702539513409,
basin_007,Laguna de Guayatayoc,2022,158.67069115001885,
basin_008,Salar del Hombre Muerto,2022,108.16659186262072,
basin_009,Salar de Incahuasi en Catamarca,2022,87.06385806365874,
basin_010,Salar de Incahuasi en Salta,2022,73.31186400095774,
basin_011,Salar de Jama,2022,92.55354064235993,
basin_012,Salar de Llullaillaco,2022,45.51866007194244,
basin_013,Salar de Olaroz,2022,108.31397544853641,
basin_014,Salar de Pastos Grandes,2022,115.37573105942226,
basin_015,Laguna Palar,2022,107.7444871535505,
basin_016,Salar de Pocitos o Quirón,2022,86.9215626616363,
basin_017,Laguna de Pozuelos,2022,184.14285129213243,
basin_018,Salar de Pozuelos,2022,92.59267386900743,
basin_019,Salar de Rincón,2022,87.6620819848975,
basin_020,Salar de Río Grande,2022,54.73991171124383,
basin_021,Salinas Grandes de Jujuy y Salta,2022,136.9975676886641,
basin_022,Laguna Socompa,2022,47.43042927839798,
basin_023,Laguna de las Salinas o Tres Quebradas,2022,112.96486200236747,
basin_024,Laguna Verde,2022,127.34595758625525,
basin_025,Laguna de Vilama,2022,105.28815097078568,
basin_026,Río Zapaleri,2022,98.98934452696162,
basin_027,Cuencas endorreicas en Catamarca (A),2022,119.11830261465926,
basin_028,Cuencas endorreicas en Catamarca (B),2022,104.66405519697305,
basin_029,Cuencas endorreicas en Catamarca (C),2022,150.60742705570294,
basin_030,Cuencas endorreicas en Catamarca (D),2022,125.1818556022063,
basin_031,Cuencas endorreicas en Catamarca (E),2022,99.12056889651225,
basin_032,Cuencas endorreicas en Catamarca (F),2022,87.4421768707483,
basin_033,Cuencas endorreicas en Catamarca (G),2022,99.69859782466257,
basin_034,Cuencas endorreicas en Catamarca (H),2022,59.28712385253545,
basin_035,Cuencas endorreicas en Jujuy (A),2022,95.95441595441596,
basin_036,Cuencas endorreicas en Jujuy (B),2022,172.54817154659213,
basin_037,Cuencas endorreicas en Jujuy (C),2022,94.45276292335117,
basin_038,Cuencas endorreicas en Jujuy (D),2022,99.83536148890482,
basin_039,Cuencas endorreicas en Jujuy (E),2022,107.09617373319546,
basin_040,Cuencas endorreicas en Jujuy (F),2022,115.31278416688951,
basin_041,Cuencas endorreicas en Salta (A),2022,100.09844005348386,
basin_042,Cuencas endorreicas en Salta (B),2022,74.38184464253231,
basin_043,Cuencas endorreicas en Salta (C),2022,45.39701338825952,
basin_044,Cuencas endorreicas en Salta (D),2022,97.25332225913621,
basin_045,Cuencas endorreicas en Salta (E),2022,133.8888888888889,
basin_046,Cuencas endorreicas en Salta (F),2022,54.362862152458874,
basin_047,Cuencas endorreicas en Salta (G),2022,138.06598513011153,
basin_048,Cuencas endorreicas en Salta (H),2022,84.51581722319861,
basin_049,Cuencas endorreicas en Salta y Catamarca (A),2022,83.6103216155572,
basin_050,Cuencas endorreicas en Salta y Catamarca (B),2022,81.42595488050037,
basin_051,Cuencas endorreicas en Salta y Catamarca (C),2022,115.27812876052948,
basin_001,Salar de Antofalla,2023,39.07295132470735,
basin_002,Salar de Arizaro,2023,45.600496412390804,
basin_003,Laguna Blanca,2023,90.90056112976912,
basin_004,Salar Carachi Pampa,2023,52.899204274844635,
basin_005,Salar de Cauchari,2023,72.80332013402375,
basin_006,Salar del Fraile,2023,39.994405966968586,
basin_007,Laguna de Guayatayoc,2023,136.1804806087194,
basin_008,Salar del Hombre Muerto,2023,74.95634696067913,
basin_009,Salar de Incahuasi en Catamarca,2023,36.75706026978537,
basin_010,Salar de Incahuasi en Salta,2023,52.84951514425953,
basin_011,Salar de Jama,2023,67.8488602260392,
basin_012,Salar de Llullaillaco,2023,38.37981115107914,
basin_013,Salar de Olaroz,2023,81.76203966005667,
basin_014,Salar de Pastos Grandes,2023,79.67507478012409,
basin_015,Laguna Palar,2023,95.61561804572123,
basin_016,Salar de Pocitos o Quirón,2023,55.46332187300332,
basin_017,Laguna de Pozuelos,2023,168.02909857885902,
basin_018,Salar de Pozuelos,2023,57.249493585415266,
basin_019,Salar de Rincón,2023,58.23331310679613,
basin_020,Salar de Río Grande,2023,41.95710205141522,
basin_021,Salinas Grandes de Jujuy y Salta,2023,105.0514145810664,
basin_022,Laguna Socompa,2023,37.42939348601679,
basin_023,Laguna de las Salinas o Tres Quebradas,2023,74.9796274375428,
basin_024,Laguna Verde,2023,79.49637189270166,
basin_025,Laguna de Vilama,2023,93.3952095808383,
basin_026,Río Zapaleri,2023,80.0918630933161,
basin_027,Cuencas endorreicas en Catamarca (A),2023,70.70067152450352,
basin_028,Cuencas endorreicas en Catamarca (B),2023,84.36470064544842,
basin_029,Cuencas endorreicas en Catamarca (C),2023,122.48806366047747,
basin_030,Cuencas endorreicas en Catamarca (D),2023,82.65547048653991,
basin_031,Cuencas endorreicas en Catamarca (E),2023,50.908947970268706,
basin_032,Cuencas endorreicas en Catamarca (F),2023,46.823129251700685,
basin_033,Cuencas endorreicas en Catamarca (G),2023,53.273620757436774,
basin_034,Cuencas endorreicas en Catamarca (H),2023,46.63953659614158,
basin_035,Cuencas endorreicas en Jujuy (A),2023,65.15384615384616,
basin_036,Cuencas endorreicas en Jujuy (B),2023,143.60988944235208,
basin_037,Cuencas endorreicas en Jujuy (C),2023,67.86898395721926,
basin_038,Cuencas endorreicas en Jujuy (D),2023,75.66523502743975,
basin_039,Cuencas endorreicas en Jujuy (E),2023,90.85005170630818,
basin_040,Cuencas endorreicas en Jujuy (F),2023,105.17758759026479,
basin_041,Cuencas endorreicas en Salta (A),2023,71.94832862873271,
basin_042,Cuencas endorreicas en Salta (B),2023,54.17473167182099,
basin_043,Cuencas endorreicas en Salta (C),2023,37.714727085478884,
basin_044,Cuencas endorreicas en Salta (D),2023,60.116279069767444,
basin_045,Cuencas endorreicas en Salta (E),2023,104.73611111111111,
basin_046,Cuencas endorreicas en Salta (F),2023,42.431243216164326,
basin_047,Cuencas endorreicas en Salta (G),2023,114.18308550185876,
basin_048,Cuencas endorreicas en Salta (H),2023,62.95869947275922,
basin_049,Cuencas endorreicas en Salta y Catamarca (A),2023,52.166363927770064,
basin_050,Cuencas endorreicas en Salta y Catamarca (B),2023,49.19365646638375,
basin_051,Cuencas endorreicas en Salta y Catamarca (C),2023,95.52135980746087,
basin_001,Salar de Antofalla,2024,40.71914835352912,
basin_002,Salar de Arizaro,2024,41.0662352864668,
basin_003,Laguna Blanca,2024,103.63826946744827,
basin_004,Salar Carachi Pampa,2024,60.67244003020268,
basin_005,Salar de Cauchari,2024,111.26734693877552,
basin_006,Salar del Fraile,2024,39.58364411294618,
basin_007,Laguna de Guayatayoc,2024,173.68003416281698,
basin_008,Salar del Hombre Muerto,2024,100.2552834422871,
basin_009,Salar de Incahuasi en Catamarca,2024,38.94458103528473,
basin_010,Salar de Incahuasi en Salta,2024,42.80186759248173,
basin_011,Salar de Jama,2024,90.14730860098332,
basin_012,Salar de Llullaillaco,2024,26.776978417266186,
basin_013,Salar de Olaroz,2024,127.26181601312064,
basin_014,Salar de Pastos Grandes,2024,118.32461270592432,
basin_015,Laguna Palar,2024,143.58749747117136,
basin_016,Salar de Pocitos o Quirón,2024,70.05047616149938,
basin_017,Laguna de Pozuelos,2024,191.83415243477907,
basin_018,Salar de Pozuelos,2024,78.856515867657,
basin_019,Salar de Rincón,2024,69.51530474649407,
basin_020,Salar de Río Grande,2024,33.629966242534394,
basin_021,Salinas Grandes de Jujuy y Salta,2024,152.33004224540736,
basin_022,Laguna Socompa,2024,28.042237311543328,
basin_023,Laguna de las Salinas o Tres Quebradas,2024,93.77802006105537,
basin_024,Laguna Verde,2024,108.00524320022465,
basin_025,Laguna de Vilama,2024,144.01651242968606,
basin_026,Río Zapaleri,2024,122.95834678721343,
basin_027,Cuencas endorreicas en Catamarca (A),2024,97.18016859551366,
basin_028,Cuencas endorreicas en Catamarca (B),2024,88.5055419541509,
basin_029,Cuencas endorreicas en Catamarca (C),2024,138.84350132625994,
basin_030,Cuencas endorreicas en Catamarca (D),2024,111.94212562772698,
basin_031,Cuencas endorreicas en Catamarca (E),2024,58.01705260148654,
basin_032,Cuencas endorreicas en Catamarca (F),2024,52.70068027210885,
basin_033,Cuencas endorreicas en Catamarca (G),2024,67.8567684445027,
basin_034,Cuencas endorreicas en Catamarca (H),2024,42.08362377890139,
basin_035,Cuencas endorreicas en Jujuy (A),2024,91.32193732193733,
basin_036,Cuencas endorreicas en Jujuy (B),2024,186.80391203984928,
basin_037,Cuencas endorreicas en Jujuy (C),2024,97.89215686274511,
basin_038,Cuencas endorreicas en Jujuy (D),2024,108.3376282510141,
basin_039,Cuencas endorreicas en Jujuy (E),2024,138.24715615305067,
basin_040,Cuencas endorreicas en Jujuy (F),2024,152.64790050815728,
basin_041,Cuencas endorreicas en Salta (A),2024,91.69169514188084,
basin_042,Cuencas endorreicas en Salta (B),2024,54.204748044387856,
basin_043,Cuencas endorreicas en Salta (C),2024,26.765705458290423,
basin_044,Cuencas endorreicas en Salta (D),2024,87.83554817275744,
basin_045,Cuencas endorreicas en Salta (E),2024,159.83333333333334,
basin_046,Cuencas endorreicas en Salta (F),2024,31.896468230775657,
basin_047,Cuencas endorreicas en Salta (G),2024,158.6319702602231,
basin_048,Cuencas endorreicas en Salta (H),2024,57.13796133567663,
basin_049,Cuencas endorreicas en Salta y Catamarca (A),2024,48.124372261993805,
basin_050,Cuencas endorreicas en Salta y Catamarca (B),2024,57.06477551932099,
basin_051,Cuencas endorreicas en Salta y Catamarca (C),2024,120.86191335740071,
